1696409.464739,7
1696409.503544,2
1696409.543487,7
1696409.582739,2
1696409.619556,3
1696409.656292,0
1696409.691097,2
1696409.728481,3
1696409.761896,2
1696409.798374,1
1696409.835485,0
1696409.869996,3
1696409.903503,0
1696409.940606,1
1696409.974104,0
1696410.008684,1
1696410.044908,1
1696410.082763,1
1696410.121651,3
1696410.158436,0
1696410.195253,0
1696410.231893,3
1696410.647700,7
1696410.687057,7
1696410.727622,5
1696410.764812,3
1696410.803517,3
1696410.841786,1
1696410.879844,2
1696410.917853,0
1696410.953743,2
1696410.989910,3
1696411.023183,2
1696411.060604,1
1696411.095276,0
1696411.130615,3
1696411.164180,0
1696411.202324,1
1696411.235562,7
1696411.273479,4
1696411.312357,3
1696411.350060,7
1696411.389588,3
1696411.427885,0
1696411.464619,1
1696411.499953,7
1696411.537424,7
1696411.574650,7
1696411.612662,7
1696411.650645,6
1696411.689232,7
1696411.729650,7
1696411.768548,7
1696411.807742,1
1696411.846547,7
1696411.886848,3
1696411.926651,5
1696411.966491,4
1696412.007426,7
1696412.048261,7
1696412.088728,6
1696412.128014,6
1696412.169218,7
1696412.208329,7
1696412.246852,7
1696412.286322,7
1696412.324210,3
1696412.363541,0
1696412.400021,7
1696412.440438,7
1696412.482386,7
1696412.522676,4
1696412.564518,2
1696412.604949,7
1696412.645264,7
1696412.685163,7
1696412.723609,7
1696412.761434,7
1696412.801661,2
1696412.843370,7
1696412.883346,7
1696412.923042,6
1696412.959824,7
1696412.998770,7
1696413.037805,7
1696413.080112,7
1696413.119536,7
1696413.159499,7
1696413.201067,7
1696413.242583,7
1696413.282337,7
1696413.323463,5
1696413.363648,5
1696413.406049,7
1696413.448071,7
1696413.489860,7
1696413.529219,7
1696413.571433,7
1696413.612922,7
1696413.654165,7
1696413.696426,1
1696413.734984,3
1696413.773939,2
1696413.811842,7
1696413.848756,5
1696413.889406,7
1696413.929425,7
1696413.971723,7
1696414.012482,4
1696414.048812,0
1696414.087671,7
1696414.126218,7
1696414.166697,7
1696414.207394,4
1696414.247676,3
1696414.285160,4
1696414.325139,7
1696414.364942,7
1696414.403901,7
1696414.443742,7
1696414.483562,7
1696414.524469,7
1696414.564746,7
1696414.605431,7
1696414.645855,7
1696414.687739,7
1696414.728835,7
1696414.769415,7
1696414.809420,7
1696414.851296,7
1696414.894370,7
1696414.935678,7
1696414.976321,7
1696415.017649,7
1696415.059154,7
1696415.098607,7
1696415.139602,7
1696415.178834,7
1696415.218096,4
1696415.260141,7
1696415.300840,7
1696415.343342,7
1696415.385504,4
1696415.426553,7
1696415.466308,7
1696415.505810,7
1696415.545615,7
1696415.587437,7
1696415.628226,7
1696415.669821,7
1696415.709976,7
1696415.750572,7
1696415.792081,7
1696415.833052,7
1696415.872707,1
1696415.913486,6
1696415.954872,7
1696415.997816,7
1696416.040039,3
1696416.076695,0
1696416.113943,0
1696416.151593,3
1696416.188161,2
1696416.224697,7
1696416.261378,6
1696416.300646,7
1696416.343593,7
1696416.386944,7
1696416.427600,7
1696416.468068,7
1696416.509430,5
1696416.550324,7
1696416.589797,7
1696416.632424,7
1696416.671596,7
1696416.712032,4
1696416.753178,7
1696416.796399,7
1696416.839220,7
1696416.882435,4
1696416.923415,7
1696416.963689,7
1696417.004743,7
1696417.046604,7
1696417.089225,7
1696417.131419,7
1696417.173147,7
1696417.212300,7
1696417.252390,7
1696417.293955,7
1696417.331113,0
1696417.374243,7
1696417.415783,7
1696417.458147,7
1696417.501203,7
1696417.542604,7
1696417.582343,7
1696417.624801,7
1696417.667169,7
1696417.709702,7
1696417.751693,7
1696417.809462,7
1696417.841834,7
1696417.884778,7
1696417.925842,7
1696417.964997,5
1696418.006788,7
1696418.047606,7
1696418.088071,7
1696418.130104,7
1696418.171909,7
1696418.214530,7
1696418.257712,7
1696418.300561,7
1696418.340110,7
1696418.381543,7
1696418.427795,7
1696418.470130,7
1696418.514258,7
1696418.555205,7
1696418.595751,7
1696418.637757,7
1696418.679131,7
1696418.722217,7
1696418.763240,7
1696418.804311,7
1696418.846991,7
1696418.890679,7
1696418.929404,3
1696418.972728,4
1696419.013653,7
1696419.060557,7
1696419.104300,0
1696419.141834,0
1696419.179886,0
1696419.219981,7
1696419.261433,4
1696419.302980,7
1696419.345543,7
1696419.387478,7
1696419.425264,7
1696419.464006,6
1696419.503440,7
1696419.542473,7
1696419.888499,6
1696419.927947,3
1696419.967974,7
1696420.007223,2
1696420.044405,3
1696420.082237,3
1696420.120310,1
1696420.158283,2
1696420.194228,0
1696420.230546,2
1696420.267563,3
1696420.301368,2
1696420.337481,1
1696420.375042,0
1696420.409872,3
1696420.447159,0
1696420.485116,1
1696420.518916,6
1696420.556957,1
1696420.592251,3
1696420.627464,0
1696420.662262,0
1696420.700899,0
1696420.739028,1
1696420.778105,4
1696420.815271,7
1696420.854859,4
1696420.892778,6
1696420.928312,7
1696420.965463,4
1696421.002429,7
1696421.040552,7
1696421.077224,7
1696421.115738,7
1696421.152435,4
1696421.191438,6
1696421.229158,1
1696421.268134,1
1696421.307463,7
1696421.346359,4
1696421.384613,7
1696421.423921,1
1696421.464763,7
1696421.505553,7
1696421.545911,6
1696421.585983,7
1696421.625910,6
1696421.666068,7
1696421.702961,3
1696421.742580,7
1696421.782519,7
1696421.821091,0
1696421.858200,7
1696421.900187,7
1696421.941382,7
1696421.980944,4
1696422.017156,1
1696422.054055,0
1696422.091195,0
1696422.126859,2
1696422.163702,3
1696422.199425,4
1696422.236074,2
1696422.272857,7
1696422.309670,5
1696422.346323,0
1696422.383619,7
1696422.420675,2
1696422.460831,7
1696422.500790,7
1696422.540321,7
1696422.580999,7
1696422.617638,7
1696422.656203,7
1696422.695399,7
1696422.735500,7
1696422.774487,7
1696422.813538,7
1696422.854207,7
1696422.894411,1
1696422.935373,7
1696422.976301,7
1696423.016740,7
1696423.058267,0
1696423.093011,1
1696423.129153,2
1696423.168507,7
1696423.209279,7
1696423.250940,7
1696423.291364,7
1696423.332216,7
1696423.373847,7
1696423.414860,7
1696423.455900,7
1696423.495892,6
1696423.536700,7
1696423.577517,7
1696423.618079,7
1696423.658542,5
1696423.697068,7
1696423.738176,7
1696423.778412,7
1696423.819244,7
1696423.858769,2
1696423.900218,7
1696423.940521,2
1696423.982067,7
1696424.024627,7
1696424.066951,7
1696424.108891,7
1696424.147526,7
1696424.187622,7
1696424.228622,7
1696424.268880,7
1696424.308617,7
1696424.348056,7
1696424.388513,7
1696424.428898,4
1696424.466194,7
1696424.502974,4
1696424.540808,7
1696424.579308,4
1696424.620434,7
1696424.662708,7
1696424.704336,7
1696424.745742,7
1696424.786725,7
1696424.828265,7
1696424.870299,7
1696424.910339,3
1696424.946756,1
1696424.985079,7
1696425.024744,7
1696425.066810,7
1696425.107314,7
1696425.150222,7
1696425.191048,7
1696425.231649,7
1696425.272429,7
1696425.313322,7
1696425.354685,7
1696425.395038,7
1696425.437101,7
1696425.478098,6
1696425.515866,7
1696425.554692,7
1696425.594447,6
1696425.632753,7
1696425.673238,7
1696425.713609,7
1696425.756154,7
1696425.796023,7
1696425.835593,7
1696425.877852,7
1696425.917804,7
1696425.957855,7
1696425.998947,7
1696426.039218,3
1696426.081909,7
1696426.123538,7
1696426.166357,7
1696426.206355,7
1696426.248934,7
1696426.289439,1
1696426.332115,7
1696426.372006,7
1696426.414003,7
1696426.454706,7
1696426.496328,7
1696426.539094,7
1696426.581024,7
1696426.621559,7
1696426.662118,7
1696426.703814,7
1696426.745457,7
1696426.786556,7
1696426.828035,7
1696426.869318,7
1696426.910117,7
1696426.950752,7
1696426.992782,7
1696427.032249,7
1696427.072205,5
1696427.109973,2
1696427.149977,7
1696427.190604,6
1696427.231022,7
1696427.271642,7
1696427.314928,7
1696427.356724,7
1696427.398100,7
1696427.440655,7
1696427.481162,3
1696427.523279,7
1696427.564899,7
1696427.606998,7
1696427.648407,7
1696427.690855,7
1696427.734339,7
1696427.775792,7
1696427.818584,7
1696427.860173,7
1696427.901855,7
1696427.943743,7
1696427.987092,7
1696428.028332,3
1696428.070939,7
1696428.112013,7
1696428.154448,7
1696428.197494,7
1696428.240284,7
1696428.282067,7
1696428.323635,2
1696428.363373,0
1696428.403489,7
1696428.445312,7
1696428.486380,5
1696428.525882,6
1696428.564161,7
1696428.603477,7
1696428.644961,7
1696428.687637,7
1696428.727253,7
1696428.768353,7
1696428.811401,7
1696428.852521,7
1696428.893620,7
1696428.934463,7
1696429.383069,2
1696429.419552,1
1696429.458144,1
1696429.497852,4
1696429.538042,5
1696429.574984,3
1696429.610849,0
1696429.645449,2
1696429.681663,3
1696429.716982,2
1696429.753663,1
1696429.788558,0
1696429.824053,0
1696429.857707,3
1696429.890402,1
1696429.922944,0
1696429.955469,0
1696429.992129,2
1696430.030397,2
1696430.068567,0
1696430.105572,7
1696430.145102,0
1696430.183159,1
1696430.221309,2
1696430.259553,1
1696430.298412,0
1696430.335184,0
1696430.368876,1
1696430.403105,1
1696430.437269,1
1696430.469303,1
1696430.503667,2
1696430.537176,1
1696430.572931,1
1696430.611366,1
1696430.647517,1
1696430.682510,7
1696430.720145,7
1696430.757125,7
1696430.794848,7
1696430.832945,6
1696430.870666,7
1696430.910208,7
1696430.948661,7
1696430.987598,1
1696431.025895,7
1696431.064522,4
1696431.103433,7
1696431.143497,1
1696431.184348,7
1696431.225248,7
1696431.265345,7
1696431.305324,7
1696431.345560,7
1696431.385391,7
1696431.424329,7
1696431.463412,7
1696431.501650,7
1696431.541363,7
1696431.581779,7
1696431.622770,7
1696431.664304,7
1696431.704567,7
1696431.743026,7
1696431.781127,7
1696431.819049,6
1696431.853012,7
1696431.890346,2
1696431.931222,7
1696431.971781,7
1696432.010902,1
1696432.050746,7
1696432.089841,4
1696432.130221,7
1696432.166945,7
1696432.206194,7
1696432.245280,7
1696432.286737,7
1696432.325735,7
1696432.365420,7
1696432.406685,7
1696432.446683,7
1696432.485484,7
1696432.524957,5
1696432.565148,3
1696432.600675,0
1696432.641175,7
1696432.682367,7
1696432.723637,7
1696432.764045,7
1696432.805250,7
1696432.845341,7
1696432.885642,7
1696432.927916,2
1696432.965319,4
1696433.003913,7
1696433.043648,7
1696433.083701,7
1696433.125273,7
1696433.166757,7
1696433.207438,5
1696433.248825,7
1696433.289346,7
1696433.328691,7
1696433.366565,7
1696433.408239,7
1696433.450600,5
1696433.494013,7
1696433.535568,6
1696433.575927,7
1696433.615057,7
1696433.653212,7
1696433.693932,7
1696433.734365,7
1696433.776088,7
1696433.814933,6
1696433.856382,7
1696433.897659,1
1696433.933106,1
1696433.971481,6
1696434.010329,7
1696434.051426,7
1696434.090812,7
1696434.129244,7
1696434.170839,7
1696434.212911,7
1696434.254815,7
1696434.295300,7
1696434.337211,7
1696434.377807,7
1696434.418326,7
1696434.458837,7
1696434.501057,7
1696434.540140,2
1696434.577952,7
1696434.617172,7
1696434.659430,7
1696434.702700,7
1696434.744612,7
1696434.785337,7
1696434.824791,7
1696434.864953,7
1696434.907741,7
1696434.949113,6
1696434.991762,7
1696435.033898,6
1696435.075518,7
1696435.115326,7
1696435.154527,7
1696435.196454,7
1696435.237231,7
1696435.278917,7
1696435.318675,7
1696435.360052,7
1696435.401894,5
1696435.442137,7
1696435.483727,7
1696435.524032,7
1696435.565986,7
1696435.607056,7
1696435.649419,7
1696435.691944,7
1696435.734725,7
1696435.776948,7
1696435.818988,7
1696435.860131,7
1696435.902230,7
1696435.941387,7
1696435.982272,7
1696436.023435,7
1696436.064794,7
1696436.107616,5
1696436.149039,1
1696436.184963,3
1696436.223495,1
1696436.262325,0
1696436.301584,7
1696436.340520,5
1696436.379805,7
1696436.418308,7
1696436.458413,7
1696436.498951,7
1696436.540645,7
1696436.581028,7
1696436.622488,7
1696436.665942,7
1696436.708363,7
1696436.750743,7
1696436.789090,7
1696436.829545,7
1696436.869209,7
1696436.910321,7
1696436.951953,7
1696436.993730,7
1696437.035897,7
1696437.077686,7
1696437.120062,5
1696437.161821,7
1696437.202138,7
1696437.244040,7
1696437.283670,7
1696437.325288,7
1696437.367121,7
1696437.410615,7
1696437.453503,7
1696437.493511,3
1696437.534493,7
1696437.574588,7
1696437.614807,7
1696437.655781,7
1696437.697818,7
1696437.739110,7
1696437.780674,1
1696437.822153,7
1696437.862633,4
1696437.905129,7
1696437.944315,7
1696437.984928,7
1696438.025394,7
1696438.067141,7
1696438.107617,1
1696438.144246,0
1696438.180012,7
1696438.217388,2
1696438.257237,5
1696438.295566,7
1696438.335679,7
1696438.378529,7
1696438.420527,7
1696438.461503,7
1696438.849232,7
1696438.888139,2
1696438.928200,7
1696438.966916,2
1696439.004768,3
1696439.040692,0
1696439.075597,2
1696439.112217,3
1696439.145428,2
1696439.181595,1
1696439.218483,0
1696439.253687,3
1696439.287003,0
1696439.324021,1
1696439.357534,6
1696439.395422,2
1696439.433016,2
1696439.470585,4
1696439.510469,2
1696439.548995,1
1696439.588331,2
1696439.626706,2
1696439.665464,2
1696439.700677,7
1696439.738042,7
1696439.775304,7
1696439.813434,7
1696439.851137,6
1696439.889572,7
1696439.929687,7
1696439.968315,7
1696440.006827,1
1696440.045450,7
1696440.083478,4
1696440.124060,4
1696440.162227,4
1696440.202829,7
1696440.243182,7
1696440.283122,6
1696440.321703,7
1696440.362994,6
1696440.401840,6
1696440.440474,7
1696440.479475,4
1696440.519053,7
1696440.557830,0
1696440.594171,7
1696440.636448,7
1696440.678322,7
1696440.718447,4
1696440.753939,0
1696440.792807,2
1696440.830607,1
1696440.868935,2
1696440.908263,7
1696440.945723,7
1696440.984706,7
1696441.023524,7
1696441.064742,7
1696441.104620,4
1696441.145577,7
1696441.183849,7
1696441.222163,7
1696441.261456,7
1696441.300202,7
1696441.340893,7
1696441.381347,4
1696441.421606,7
1696441.460332,1
1696441.499629,0
1696441.539486,4
1696441.579155,5
1696441.618891,3
1696441.658594,5
1696441.698787,7
1696441.738492,7
1696441.778987,5
1696441.820605,7
1696441.861133,7
1696441.899986,7
1696441.941038,7
1696441.981351,7
1696442.021078,5
1696442.059793,7
1696442.100131,6
1696442.140197,7
1696442.182049,7
1696442.222307,7
1696442.264210,5
1696442.304167,7
1696442.345687,0
1696442.388320,7
1696442.426885,1
1696442.467261,7
1696442.507750,7
1696442.549008,7
1696442.586898,1
1696442.623948,1
1696442.658574,1
1696442.696287,3
1696442.736736,7
1696442.777557,2
1696442.820580,7
1696442.860104,7
1696442.898725,7
1696442.939076,7
1696442.978228,7
1696443.018982,7
1696443.060013,4
1696443.099957,7
1696443.140673,7
1696443.182432,5
1696443.222978,3
1696443.262912,7
1696443.303320,7
1696443.345948,7
1696443.385909,7
1696443.428862,7
1696443.470371,7
1696443.513227,7
1696443.555535,7
1696443.596047,7
1696443.635544,1
1696443.676882,7
1696443.717784,7
1696443.759580,7
1696443.800439,7
1696443.842176,7
1696443.884051,4
1696443.925470,7
1696443.967221,7
1696444.008964,5
1696444.043716,1
1696444.077428,1
1696444.114492,2
1696444.150273,3
1696444.185368,2
1696444.223182,5
1696444.263429,7
1696444.300652,1
1696444.336759,2
1696444.374453,7
1696444.413638,7
1696444.451679,7
1696444.492788,7
1696444.531755,7
1696444.573800,7
1696444.614450,7
1696444.655906,2
1696444.695462,3
1696444.735707,7
1696444.777550,7
1696444.818368,7
1696444.858960,7
1696444.899887,7
1696444.941138,7
1696444.982912,7
1696445.024338,7
1696445.065272,7
1696445.107648,7
1696445.148401,7
1696445.189699,7
1696445.232631,7
1696445.273244,7
1696445.314129,7
1696445.355809,7
1696445.398725,6
1696445.439716,7
1696445.481278,7
1696445.522057,5
1696445.560393,7
1696445.600414,5
1696445.641768,7
1696445.681992,5
1696445.722026,7
1696445.762700,7
1696445.801808,7
1696445.841277,7
1696445.881857,7
1696445.923546,7
1696445.964555,7
1696446.005332,7
1696446.048753,3
1696446.090645,7
1696446.132927,7
1696446.173701,5
1696446.213005,2
1696446.253130,7
1696446.296531,7
1696446.338481,7
1696446.380886,7
1696446.422277,7
1696446.464461,3
1696446.501780,0
1696446.541976,7
1696446.583547,7
1696446.625040,7
1696446.666640,7
1696446.706788,7
1696446.748194,7
1696446.788442,7
1696446.831464,6
1696446.872130,2
1696446.913055,7
1696446.954489,7
1696446.994736,7
1696447.037478,7
1696447.079083,7
1696447.121323,6
1696447.162104,7
1696447.202493,7
1696447.243531,7
1696447.284859,7
1696447.326014,7
1696447.367429,7
1696447.409500,7
1696447.452681,7
1696447.495856,7
1696447.537695,7
1696447.578952,7
1696447.619275,7
1696447.661386,7
1696447.704144,2
1696447.744761,3
1696447.786117,7
1696447.825253,7
1696447.866524,7
1696447.910261,7
1696447.952420,5
1696447.992044,4
1696448.033819,5
1696448.074821,7
1696448.353261,7
1696448.392231,2
1696448.432324,7
1696448.471531,2
1696448.509002,3
1696448.547209,3
1696448.585166,1
1696448.622368,2
1696448.658103,0
1696448.693526,2
1696448.730092,3
1696448.762913,2
1696448.799909,1
1696448.835119,0
1696448.870500,3
1696448.908239,0
1696448.946143,1
1696448.979529,0
1696449.014223,1
1696449.049877,1
1696449.082859,0
1696449.120173,0
1696449.159025,3
1696449.196026,7
1696449.235434,4
1696449.273390,0
1696449.309921,1
1696449.345286,7
1696449.383131,7
1696449.419913,7
1696449.457577,7
1696449.495307,6
1696449.533527,7
1696449.573361,7
1696449.612205,7
1696449.652430,1
1696449.691788,7
1696449.732215,3
1696449.771701,5
1696449.812685,7
1696449.852222,2
1696449.893626,7
1696449.933823,6
1696449.973767,7
1696450.013659,7
1696450.054233,7
1696450.091872,4
1696450.130931,4
1696450.171285,2
1696450.210869,7
1696450.244223,0
1696450.281201,7
1696450.320108,7
1696450.361553,7
1696450.401938,7
1696450.443996,7
1696450.482271,7
1696450.520611,7
1696450.559788,7
1696450.598157,7
1696450.638380,7
1696450.677321,7
1696450.717401,0
1696450.757011,2
1696450.796761,7
1696450.837135,7
1696450.876878,7
1696450.916431,7
1696450.957138,7
1696450.997381,4
1696451.037258,7
1696451.079089,0
1696451.118937,3
1696451.160506,4
1696451.202181,7
1696451.242982,7
1696451.283485,7
1696451.321377,7
1696451.361799,7
1696451.401558,7
1696451.440875,7
1696451.480570,7
1696451.521088,7
1696451.561573,7
1696451.601612,7
1696451.642937,4
1696451.682568,7
1696451.721575,7
1696451.761557,7
1696451.802225,7
1696451.843501,7
1696451.884503,7
1696451.925783,7
1696451.967979,7
1696452.009323,7
1696452.051288,2
1696452.089457,0
1696452.127439,7
1696452.167586,7
1696452.206000,6
1696452.245488,7
1696452.286493,7
1696452.328261,7
1696452.370364,7
1696452.410151,7
1696452.449691,7
1696452.491661,7
1696452.530854,7
1696452.571842,7
1696452.611428,1
1696452.650059,0
1696452.685320,3
1696452.721778,0
1696452.761174,1
1696452.798396,7
1696452.836906,7
1696452.877741,7
1696452.918933,7
1696452.959565,7
1696453.000171,7
1696453.040360,7
1696453.082273,7
1696453.122453,0
1696453.164132,7
1696453.205756,7
1696453.246335,7
1696453.286667,4
1696453.328410,7
1696453.368466,7
1696453.410678,7
1696453.452289,7
1696453.492193,7
1696453.534291,7
1696453.575678,7
1696453.618269,7
1696453.658443,7
1696453.697964,7
1696453.738725,7
1696453.779810,7
1696453.821804,7
1696453.863323,7
1696453.904043,7
1696453.945502,3
1696453.987354,7
1696454.030171,6
1696454.071865,7
1696454.112251,7
1696454.155463,7
1696454.197312,6
1696454.238632,0
1696454.279893,0
1696454.320674,7
1696454.362495,7
1696454.404732,7
1696454.445560,7
1696454.487571,7
1696454.528258,7
1696454.568864,7
1696454.611400,7
1696454.651775,7
1696454.693426,7
1696454.735634,7
1696454.776234,7
1696454.817055,7
1696454.857792,7
1696454.899705,7
1696454.941050,7
1696454.982054,7
1696455.023866,7
1696455.065537,7
1696455.107791,7
1696455.148970,7
1696455.189644,7
1696455.231649,7
1696455.274667,7
1696455.316203,7
1696455.356577,7
1696455.398551,7
1696455.440285,7
1696455.482032,7
1696455.522391,7
1696455.563715,7
1696455.603923,7
1696455.645707,7
1696455.688101,7
1696455.730406,7
1696455.772921,7
1696455.813993,7
1696455.854329,7
1696455.895435,7
1696455.936542,7
1696455.977485,7
1696456.018670,7
1696456.060318,7
1696456.100776,7
1696456.143663,7
1696456.186568,7
1696456.227921,7
1696456.269959,7
1696456.312625,7
1696456.354972,7
1696456.396139,7
1696456.437853,7
1696456.479629,0
1696456.522248,7
1696456.562960,7
1696456.605314,7
1696456.646888,7
1696456.687683,7
1696456.729153,7
1696456.770690,7
1696456.812426,7
1696456.853386,7
1696456.893127,7
1696456.934789,7
1696456.975781,7
1696457.018265,7
1696457.059503,7
1696457.101765,7
1696457.145440,7
1696457.187840,7
1696457.229021,7
1696457.270452,7
1696480.143171,4
1696480.176025,4
1696480.210994,7
1696480.247149,7
1696480.280558,1
1696480.314114,6
1696480.349686,5
1696480.383999,5
1696480.418395,4
1696480.454686,0
1696480.488508,0
1696480.524230,7
1696480.559187,4
1696480.593705,7
1696480.626125,1
1696480.660883,5
1696480.696241,5
1696480.733583,7
1696480.769520,5
1696480.806265,7
1696480.843839,7
1696480.880303,5
1696480.918434,7
1696480.955631,5
1696480.993412,7
1696481.028860,1
1696481.066163,3
1696481.099578,0
1696481.135918,5
1696481.173508,3
1696481.210717,7
1696481.246559,1
1696481.282237,5
1696481.317840,7
1696481.356986,7
1696481.393791,3
1696481.431096,7
1696481.468365,5
1696481.507665,5
1696481.544414,3
1696481.580600,0
1696481.616491,7
1696481.654468,7
1696481.691802,7
1696481.731028,7
1696481.767882,3
1696481.806182,7
1696481.843858,5
1696481.883396,6
1696481.920701,2
1696481.959560,7
1696481.998057,7
1696482.036103,7
1696482.075653,7
1696482.113529,4
1696482.153104,3
1696482.190426,7
1696482.227120,2
1696482.267108,6
1696482.304072,2
1696482.341689,7
1696482.378698,2
1696482.416100,5
1696482.453411,7
1696482.492452,7
1696482.530621,3
1696482.570203,7
1696482.609726,7
1696482.647541,7
1696482.685803,7
1696482.725010,7
1696482.762955,2
1696482.797793,7
1696482.833377,7
1696482.870843,0
1696482.908720,7
1696482.945598,5
1696482.984550,4
1696483.019514,7
1696483.058068,7
1696483.095762,7
1696483.133810,1
1696483.172696,7
1696483.211145,5
1696483.249591,4
1696483.287725,7
1696483.326062,7
1696483.365445,7
1696483.404694,1
1696483.442834,7
1696483.481201,5
1696483.519760,7
1696483.557407,7
1696483.595945,7
1696483.635264,6
1696483.674646,7
1696483.714893,5
1696483.754285,7
1696483.793353,7
1696483.833893,7
1696483.872794,6
1696483.911848,7
1696483.950783,5
1696483.990502,7
1696484.030059,7
1696484.070153,4
1696484.107689,7
1696484.146753,2
1696484.184852,7
1696484.222432,5
1696484.261678,7
1696484.299162,3
1696484.338844,7
1696484.379595,4
1696484.413474,1
1696484.449711,6
1696484.488335,7
1696484.526243,5
1696484.565055,7
1696484.603174,3
1696484.640198,7
1696484.679200,4
1696484.718782,7
1696484.758347,7
1696484.799169,7
1696484.839394,7
1696484.878847,7
1696484.917296,3
1696484.957770,7
1696484.996107,4
1696485.035406,7
1696485.076121,7
1696485.117567,7
1696485.156659,7
1696485.194766,2
1696485.234106,3
1696485.274547,7
1696485.313648,7
1696485.352770,7
1696485.394790,7
1696485.435375,7
1696485.473996,3
1696485.514473,3
1696485.555210,7
1696485.595252,7
1696485.635021,6
1696485.676366,7
1696485.715934,7
1696485.754115,3
1696485.792089,0
1696485.829478,0
1696485.866813,3
1696485.906364,7
1696485.945561,7
1696485.983912,7
1696486.023465,7
1696486.062126,7
1696486.099185,2
1696486.137996,7
1696486.178053,6
1696486.217685,7
1696486.258555,5
1696486.297046,0
1696486.335968,7
1696486.376403,7
1696486.416605,7
1696486.456269,7
1696486.496812,7
1696486.535600,7
1696486.576248,7
1696486.617157,6
1696486.656242,7
1696486.696513,7
1696486.736248,7
1696486.776885,7
1696486.817665,6
1696486.856696,3
1696486.896700,7
1696486.934467,4
1696486.973544,7
1696487.014771,7
1696487.054255,6
1696487.093704,7
1696487.134050,7
1696487.173345,7
1696487.214889,7
1696487.255923,6
1696487.296520,7
1696487.337791,7
1696487.376529,1
1696487.412202,7
1696487.450239,7
1696487.489463,4
1696487.529077,7
1696487.568317,7
1696487.606155,1
1696487.645600,7
1696487.685978,7
1696487.726947,4
1696487.767167,7
1696487.807550,7
1696487.847658,0
1696487.882247,0
1696487.914284,0
1696487.949081,4
1696487.986189,7
1696488.022686,6
1696488.061170,7
1696488.099322,7
1696488.138113,7
1696488.178684,7
1696488.219144,6
1696488.258665,7
1696488.298995,7
1696488.337398,7
1696488.379448,7
1696488.419455,6
1696488.460709,7
1696488.501930,7
1696488.542240,7
1696488.583368,7
1696488.623493,6
1696488.662760,7
1696488.703146,7
1696488.742343,7
1696488.784463,7
1696488.824836,6
1696488.864280,7
1696488.904604,7
1696488.942590,7
1696511.678768,4
1696511.712124,4
1696511.747558,7
1696511.784041,6
1696511.817123,1
1696511.850422,0
1696511.884505,1
1696511.918418,5
1696511.953229,4
1696511.987418,7
1696512.023093,7
1696512.059757,7
1696512.095675,3
1696512.129671,0
1696512.164542,2
1696512.201725,7
1696512.238148,1
1696512.272915,0
1696512.308712,4
1696512.343684,5
1696512.381486,7
1696512.420144,7
1696512.456889,3
1696512.494741,7
1696512.531798,5
1696512.568995,7
1696512.603906,3
1696512.641536,6
1696512.675458,0
1696512.713930,7
1696512.751351,3
1696512.788206,7
1696512.824332,5
1696512.863097,7
1696512.900493,0
1696512.932879,0
1696512.969563,2
1696513.002854,0
1696513.037921,7
1696513.073875,7
1696513.111919,7
1696513.149255,1
1696513.186820,5
1696513.223608,7
1696513.261174,7
1696513.297589,2
1696513.337108,7
1696513.374538,7
1696513.415004,7
1696513.453129,7
1696513.493011,7
1696513.531128,2
1696513.564083,6
1696513.601083,7
1696513.639090,7
1696513.677773,7
1696513.716277,7
1696513.754856,7
1696513.794543,0
1696513.830163,0
1696513.867366,2
1696513.903477,7
1696513.940692,7
1696513.979284,7
1696514.019955,7
1696514.057013,7
1696514.095494,7
1696514.134332,2
1696514.173283,7
1696514.210944,7
1696514.249130,6
1696514.285699,2
1696514.324373,2
1696514.362234,7
1696514.401495,7
1696514.440618,7
1696514.479929,7
1696514.518098,7
1696514.555625,7
1696514.593831,5
1696514.632817,0
1696514.671394,1
1696514.708596,0
1696514.745965,7
1696514.781345,0
1696514.815442,7
1696514.852047,5
1696514.889761,7
1696514.925996,7
1696514.962505,6
1696515.001580,1
1696515.038264,7
1696515.074804,7
1696515.113877,7
1696515.154117,6
1696515.194951,7
1696515.234471,3
1696515.270225,7
1696515.308688,5
1696515.347131,7
1696515.384361,7
1696515.423575,7
1696515.462097,6
1696515.501561,7
1696515.539224,3
1696515.577103,7
1696515.615299,5
1696515.654832,7
1696515.693741,7
1696515.734427,7
1696515.772683,2
1696515.806520,1
1696515.841539,0
1696515.877864,7
1696515.915864,4
1696515.954497,7
1696515.992515,5
1696516.032341,7
1696516.069905,7
1696516.108886,7
1696516.146351,2
1696516.184348,7
1696516.222889,7
1696516.264157,7
1696516.298536,7
1696516.338468,7
1696516.378460,1
1696516.417956,7
1696516.456849,7
1696516.496039,5
1696516.535866,7
1696516.574550,7
1696516.612706,7
1696516.652728,7
1696516.693156,7
1696516.733077,1
1696516.772760,7
1696516.811388,7
1696516.851392,5
1696516.890608,4
1696516.929185,7
1696516.970726,7
1696517.008972,7
1696517.048898,7
1696517.088663,4
1696517.129863,7
1696517.170005,7
1696517.210325,5
1696517.249888,4
1696517.290144,7
1696517.330967,7
1696517.369809,7
1696517.407227,2
1696517.447269,7
1696517.487829,1
1696517.528459,3
1696517.562011,1
1696517.597547,7
1696517.636429,7
1696517.673793,2
1696517.711239,4
1696517.750308,7
1696517.788835,7
1696517.828166,7
1696517.867379,7
1696517.905471,4
1696517.943159,3
1696517.981250,7
1696518.020044,7
1696518.057513,7
1696518.098233,7
1696518.137193,7
1696518.176331,7
1696518.216660,7
1696518.256234,7
1696518.295828,7
1696518.333208,7
1696518.371576,2
1696518.412119,7
1696518.453525,7
1696518.494018,4
1696518.532616,0
1696518.572641,7
1696518.612584,6
1696518.650844,7
1696518.689997,5
1696518.729201,7
1696518.766882,7
1696518.807965,7
1696518.848615,7
1696518.887199,4
1696518.927351,7
1696518.967105,7
1696519.008017,7
1696519.047352,5
1696519.088517,7
1696519.128386,7
1696519.169086,7
1696519.210091,7
1696519.249292,4
1696519.289909,7
1696519.330120,7
1696519.370961,6
1696519.407908,7
1696519.446801,7
1696519.484619,7
1696519.524641,7
1696519.566295,7
1696519.605902,6
1696519.646962,7
1696519.686196,7
1696519.725672,6
1696519.766174,7
1696519.807068,7
1696519.847011,7
1696519.887496,7
1696519.929518,7
1696519.967906,6
1696520.008590,7
1696520.048802,7
1696520.089367,6
1696520.130292,7
1696520.171225,7
1696520.211218,7
1696520.253826,7
1696520.295657,7
1696520.335847,2
1696520.371572,4
1696520.409407,7
1696520.449338,7
1696520.490084,6
