role,category,kernel,calls_per_step,time_us_per_step,rank_min_us,rank_max_us,mean_call_us,logical_bytes_per_step,profiler_launch_occupancy_pct,grids,blocks,streams
Routed W4 MoE,kernel,marlin_moe_wna16::Marlin,300.0,8476.29006250003,7902.435000000045,9052.76512500003,28.25430020833343,0.0,0,"[(396, 1, 1)]","[(128, 1, 1)]",[19]
Custom all-reduce,kernel,vllm::cross_device_reduce_1stage,166.0,4989.447687499997,4450.937875000001,5505.466249999993,30.056913780120464,0.0,1,"[(6, 1, 1)]","[(512, 1, 1)]",[19]
Target W4 linear,kernel,cutlass::device_kernel,312.0,4653.3236874999975,4623.919749999994,4692.220624999993,14.914498998397429,0.0,0,"[(1, 132, 1)]","[(384, 1, 1)]","[19, 466]"
Sparse MLA,kernel,sm90::decode::sparse_fp8::flash_fwd_splitkv_mla_fp8_sparse_kernel,81.0,1241.342437500001,1228.131,1257.051125000001,15.325215277777792,0.0,0,"[(1, 1, 132), (1, 4, 33)]","[(384, 1, 1)]",[19]
DSA indexer,kernel,deep_gemm::sm90_fp8_paged_mqa_logits,24.0,980.6647500000001,978.8524999999996,984.6131250000002,40.86103125,0.0,0,"[(132, 1, 1)]","[(640, 1, 1)]",[19]
Target W4 linear,kernel,marlin::Marlin,78.0,875.6800312500005,872.7226249999998,877.7028750000004,11.2266670673077,0.0,0,"[(132, 1, 1)]","[(128, 1, 1)]",[19]
Sparse MLA,kernel,smxx::decode::flash_fwd_mla_combine_kernel,81.0,711.22384375,695.3381250000001,739.7560000000009,8.780541280864197,0.0,2.950617283950617,"[(1, 1, 8), (1, 4, 8)]","[(256, 1, 1)]",[19]
DSA indexer,kernel,vllm::cooperative::cooperative_topk_cs8,24.0,626.2266562499999,620.7324999999997,630.3294999999995,26.092777343749997,0.0,0,"[(1, 8, 1), (4, 8, 1)]","[(1024, 1, 1)]",[19]
Vocabulary output,kernel,nvjet_sm90_tst_192x8_64x8_2x1_v_bz_TNT,4.0,585.9508125,585.1126249999999,587.9447499999999,146.487703125,0.0,0,"[(2, 66, 1)]","[(384, 1, 1)]",[19]
Routed MoE support,kernel,vllm::moe::moe_align_block_size_kernel,150.0,582.4035937499996,580.0958749999995,586.0601249999995,3.8826906249999973,0.0,1,"[(2, 1, 1)]","[(1024, 1, 1)]",[19]
Routed MoE support,kernel,vllm::moe::moe_sum_vec_kernel,150.0,572.74059375,568.8562499999996,579.0178750000003,3.8182706250000003,0.0,1,"[(12, 1, 1)]","[(256, 1, 1)]",[19]
MTP FP8 block,kernel,deep_gemm::fp8_gemm_kernel_swapAB,24.0,369.9728437500001,344.3258750000002,396.84725,15.415535156250003,0.0,0,"[(132, 1, 1)]","[(384, 1, 1)]","[19, 464]"
Elementwise and metadata,kernel,at::native::vectorized_elementwise_kernel,358.0,366.8248125000004,364.9500000000011,369.4663750000013,1.0246503142458112,0.0,1.76536312849162,"[(1, 1, 1), (6, 1, 1), (8, 1, 1), (24, 1, 1), (36, 1, 1), (144, 1, 1)]","[(128, 1, 1)]",[19]
MLA BF16 contractions,kernel,nvjet_sm90_tst_64x8_64x16_4x1_v_bz_NNT,81.0,346.36353125000056,345.48250000000047,347.72350000000074,4.276092978395068,0.0,0,"[(4, 16, 1)]","[(384, 1, 1)]",[19]
Routed MoE support,kernel,vllm::act_and_mul_kernel,150.0,345.4056250000001,340.00537499999956,348.32550000000066,2.3027041666666674,0.0,3,"[(32, 1, 1)]","[(256, 1, 1)]",[19]
Routed MoE support,kernel,vllm::moe::grouped_topk_fused_small_expert_count_kernel,78.0,327.9085000000001,324.1827500000004,330.7821250000004,4.20395512820513,0.0,1,"[(4, 1, 1)]","[(384, 1, 1)]",[19]
MLA BF16 contractions,kernel,nvjet_sm90_tst_64x8_64x16_2x1_v_bz_TNT,81.0,311.07478124999966,310.65924999999925,311.36687500000005,3.840429398148144,0.0,0,"[(2, 64, 1)]","[(384, 1, 1)]",[19]
MoE router,kernel,kernel_cutlass_kernel_vllmmodel_executorkernelslinearcute_dsl_ll_bf16_dotprodLLBf16Dotprod_object_at__tensorptrbf16gmemalign16o46144i64div81_tensorptrbf16gmemalign16o6144i64div81_tensorpt_0,75.0,281.19834374999965,273.60937499999983,286.06262499999974,3.7493112499999954,0.0,12,"[(256, 1, 1)]","[(128, 1, 1)]",[19]
Elementwise and metadata,kernel,triton_poi_fused_mul_silu_slice_0,78.0,266.0796249999998,263.6646249999998,270.9998749999998,3.411277243589741,0.0,0,"[(4, 1, 1)]","[(256, 1, 1)]","[464, 466]"
Elementwise and metadata,kernel,triton_red_fused_fused_add_rms_norm_moe_forward_shared_0,78.0,249.81631249999919,244.5918749999993,263.1399999999992,3.2027732371794766,0.0,0.9711538461538461,"[(1, 1, 1), (4, 1, 1)]","[(128, 1, 1), (256, 1, 1), (512, 1, 1)]",[19]
Memsets,gpu_memset,Memset ,242.0,233.59068749999938,215.2270000000017,243.49987499999838,0.9652507747933858,61852.0,,[],[],"[19, 466]"
Routed MoE support,kernel,vllm::moe::count_and_sort_expert_tokens_kernel,150.0,211.56593749999882,202.7437499999988,217.10449999999855,1.4104395833333254,0.0,0,"[(1, 1, 1)]","[(256, 1, 1)]",[19]
Elementwise and metadata,kernel,at::native::elementwise_kernel,83.0,206.35346875000053,203.53700000000057,207.96475000000066,2.486186370481934,0.0,3.5783132530120483,"[(24, 1, 1), (72, 1, 1), (1210, 1, 1)]","[(128, 1, 1)]",[19]
Elementwise and metadata,kernel,triton_red_fused_fused_add_rms_norm_marlin_gemm_2,57.0,205.99853124999998,164.7925000000001,255.0802500000006,3.6140093201754384,0.0,0.25,"[(2, 1, 1), (4, 1, 1)]","[(256, 1, 1), (512, 1, 1)]",[19]
Elementwise and metadata,kernel,memcpy32_post,153.0,163.89356249999898,159.2517499999992,168.62074999999874,1.071199754901954,0.0,5,"[(48, 1, 1)]","[(256, 1, 1)]",[19]
Sparse MLA support,kernel,vllm::concat_and_cache_ds_mla_kernel,81.0,154.25862499999985,149.28924999999984,159.44825,1.9044274691358007,0.0,0,"[(4, 1, 1)]","[(96, 1, 1)]",[19]
MTP BF16 projection,kernel,triton_tem_fused_mm_t_3,3.0,151.50896875,147.54900000000004,154.869,50.50298958333334,0.0,2.5,"[(96, 1, 1), (192, 1, 1)]","[(64, 1, 1), (128, 1, 1)]",[19]
Sparse MLA support,kernel,vllm::ConcatMLAQKernel,81.0,147.23218749999964,145.3852499999996,148.02912499999962,1.8176813271604895,0.0,0.9753086419753086,"[(2, 1, 1), (8, 1, 1)]","[(256, 1, 1)]",[19]
Sparse MLA support,kernel,_convert_req_index_to_global_index_kernel,81.0,137.59499999999946,136.92824999999945,138.59799999999947,1.698703703703697,0.0,2.950617283950617,"[(1, 16, 1), (4, 16, 1)]","[(128, 1, 1)]",[19]
Elementwise and metadata,kernel,triton_red_fused_4,57.0,129.95037500000026,128.32137500000022,131.17700000000028,2.2798311403508817,0.0,1,"[(8, 1, 1)]","[(256, 1, 1)]",[19]
Elementwise and metadata,kernel,triton_poi_fused_add_mul_1,78.0,100.0170000000002,94.71362500000025,107.83412500000014,1.2822692307692332,0.0,10.948717948717949,"[(96, 1, 1), (192, 1, 1), (384, 1, 1), (768, 1, 1)]","[(32, 1, 1), (64, 1, 1), (128, 1, 1), (256, 1, 1)]",[19]
Elementwise and metadata,kernel,triton_poi_fused_add_copy_index_select_mul_slice_split_stack_sub_unsqueeze_view_5,57.0,84.014625,76.94237500000004,88.72262499999991,1.4739407894736842,0.0,14.947368421052632,"[(64, 1, 1), (256, 1, 1)]","[(128, 1, 1), (256, 1, 1)]",[19]
DSA indexer,kernel,triton_tem_fused_mm_t_7,10.5,78.76034374999998,0.0,149.992875,7.500985119047617,0.0,3,"[(128, 1, 1)]","[(64, 1, 1)]",[19]
DSA indexer,kernel,nvjet_sm90_tss_64x8_64x16_4x1_v_bz_TNT,23.0,78.67843750000006,71.25100000000003,85.21800000000007,3.4208016304347852,0.0,0,"[(4, 12, 1), (4, 16, 1), (4, 24, 1)]","[(384, 1, 1)]",[19]
DSA indexer,kernel,nvjet_sm90_tst_64x8_64x16_4x1_v_bz_TNT,9.75,73.58346875000001,0.0,151.097125,7.5470224358974365,0.0,0,"[(4, 16, 1)]","[(384, 1, 1)]",[19]
Elementwise and metadata,kernel,triton_poi_fused_3,57.0,73.17053124999998,64.62300000000013,80.46250000000006,1.283693530701754,0.0,0,"[(1, 1, 1), (4, 1, 1)]","[(64, 1, 1), (256, 1, 1)]",[19]
Elementwise and metadata,kernel,triton_red_fused_fused_add_rms_norm_2,21.0,71.30484375,64.58662499999997,74.00300000000003,3.39546875,0.0,1.1904761904761905,"[(1, 1, 1), (4, 1, 1)]","[(128, 1, 1), (512, 1, 1), (1024, 1, 1)]",[19]
Vocabulary output,kernel,ncclDevKernel_AllGather_RING_LL,4.0,67.31962499999999,50.44674999999999,84.58175000000001,16.829906249999997,0.0,0,"[(16, 1, 1), (24, 1, 1)]","[(512, 1, 1)]",[19]
Sparse MLA support,kernel,smxx::decode::get_mla_metadata_kernel,4.0,66.6176875,66.45450000000001,66.79062499999999,16.654421875,0.0,0,"[(1, 1, 1)]","[(32, 1, 1)]",[19]
MTP FP8 block,kernel,tensorrt_llm::kernels::fp8_blockscale_gemm::scale_1x128_kernel,24.0,58.288906250000004,57.57487500000008,59.423374999999965,2.4287044270833333,0.0,78.25,"[(132, 1, 1), (1056, 1, 1)]","[(256, 1, 1)]","[19, 464]"
Elementwise and metadata,kernel,triton_red_fused_6,20.0,57.88953125000001,33.259125,78.478125,2.8944765625000004,0.0,1,"[(2, 1, 1), (8, 1, 1)]","[(128, 1, 1), (512, 1, 1)]",[19]
DSA indexer,kernel,_fused_indexer_q_rope_quant_kernel,24.0,52.75437500000001,50.666625000000025,55.381874999999994,2.198098958333334,0.0,2,"[(4, 32, 1)]","[(32, 1, 1)]",[19]
Elementwise and metadata,kernel,at::native::reduce_kernel,8.0,49.74928125,49.326875,50.023250000000004,6.21866015625,0.0,3.375,"[(1, 1, 1), (1, 19, 1), (3, 19, 1)]","[(256, 2, 1), (512, 1, 1)]",[19]
DSA indexer,kernel,vllm::indexer_k_quant_and_cache_kernel,24.0,45.06540624999997,43.671624999999985,47.06724999999997,1.8777252604166652,0.0,0,"[(1, 1, 1), (4, 1, 1)]","[(32, 4, 1)]",[19]
Explicit copies,gpu_memcpy,Memcpy HtoD ,24.0,43.30643749999997,41.57549999999996,44.89524999999999,1.8044348958333323,25261.0,,[],[],[19]
Elementwise and metadata,kernel,at::native::unrolled_elementwise_kernel,23.0,36.801312499999995,36.247250000000015,37.306875,1.600057065217391,0.0,3.217391304347826,"[(1, 1, 1), (12, 1, 1), (303, 1, 1), (908, 1, 1)]","[(128, 1, 1)]",[19]
Elementwise and metadata,kernel,triton_per_fused_mm_t_3,20.0,31.320343749999992,24.799124999999975,43.71525000000001,1.5660171874999995,0.0,3.925,"[(5, 1, 1), (20, 1, 1), (40, 1, 1), (80, 1, 1), (640, 1, 1)]","[(32, 1, 1), (64, 1, 1), (128, 1, 1), (256, 1, 1)]",[19]
Elementwise and metadata,kernel,triton_poi_fused_5,20.0,28.62849999999999,27.683749999999982,29.091624999999976,1.4314249999999995,0.0,0,"[(2, 1, 1), (4, 1, 1), (8, 1, 1)]","[(128, 1, 1), (256, 1, 1)]",[19]
Elementwise and metadata,kernel,triton_red_fused_add_fused_add_rms_norm_rms_norm_2,3.0,28.23828125,10.05925,48.570875,9.412760416666666,0.0,0.75,"[(1, 1, 1), (4, 1, 1)]","[(64, 1, 1), (128, 1, 1), (512, 1, 1), (1024, 1, 1)]",[19]
Elementwise and metadata,kernel,triton_per_fused__to_copy_native_layer_norm_slice_4,20.0,28.054593749999988,26.23162499999999,29.76349999999999,1.4027296874999995,0.0,0,"[(2, 1, 1), (4, 1, 1)]","[(32, 1, 1), (64, 1, 1)]",[19]
Elementwise and metadata,kernel,at::native::index_elementwise_kernel,11.0,26.258749999999996,25.867499999999993,26.460000000000004,2.3871590909090905,0.0,1.4545454545454546,"[(1, 1, 1), (4, 1, 1), (12, 1, 1), (303, 1, 1)]","[(128, 1, 1)]",[19]
MTP FP8 block,kernel,tensorrt_llm::kernels::cutlass_kernels::finalizeMoeRoutingKernel,3.0,19.757656249999997,17.1475,21.879625,6.585885416666666,0.0,0,"[(4, 1, 1)]","[(256, 1, 1)]",[19]
Explicit copies,gpu_memcpy,Memcpy DtoD ,18.0,19.622687499999998,19.29562500000001,19.783499999999986,1.0901493055555553,1981720.0,,[],[],[19]
Elementwise and metadata,kernel,triton_poi_fused_add_copy_index_select_mul_slice_split_stack_sub_unsqueeze_view_7,10.25,14.572750000000003,1.3639999999999999,31.143624999999997,1.4217317073170734,0.0,13.951219512195122,"[(32, 1, 1), (128, 1, 1), (256, 1, 1)]","[(64, 1, 1), (128, 1, 1), (256, 1, 1)]",[19]
Elementwise and metadata,kernel,triton_poi_fused_add_copy_index_select_mul_slice_split_stack_sub_unsqueeze_view_8,10.5,14.435812499999992,0.0,28.739749999999987,1.374839285714285,0.0,9.571428571428571,"[(32, 1, 1), (128, 1, 1), (256, 1, 1)]","[(128, 1, 1), (256, 1, 1)]",[19]
MTP FP8 block,kernel,tensorrt_llm::kernels::cutlass_kernels::fusedBuildExpertMapsSortFirstTokenKernel,3.0,13.555812499999998,12.53975,14.167999999999997,4.518604166666666,0.0,0,"[(1, 1, 1)]","[(32, 1, 1)]",[19]
MTP FP8 block,kernel,router_gemm_kernel_float_output,3.0,10.620875000000002,10.356,10.824000000000002,3.540291666666667,0.0,12,"[(256, 1, 1)]","[(128, 1, 1)]",[19]
DSA indexer,kernel,deep_gemm::sched::smxx_paged_mqa_logits_metadata,4.0,9.421875,9.36375,9.463999999999997,2.35546875,0.0,0,"[(1, 1, 1)]","[(32, 1, 1)]",[19]
Elementwise and metadata,kernel,triton_red_fused_fused_add_rms_norm_machete_mm_0,3.0,9.123812500000001,8.123875,10.387750000000002,3.041270833333334,0.0,1,"[(4, 1, 1)]","[(256, 1, 1), (512, 1, 1), (1024, 1, 1)]",[19]
Elementwise and metadata,kernel,_prepare_uniform_decode_kernel,2.0,8.062906250000001,7.975875000000003,8.171875,4.0314531250000005,0.0,0,"[(4, 1, 1)]","[(128, 1, 1)]",[19]
MTP FP8 block,kernel,tensorrt_llm::kernels::cutlass_kernels::expandInputRowsKernel,3.0,8.01078125,7.684000000000001,8.339875000000001,2.670260416666667,0.0,3,"[(32, 1, 1)]","[(256, 1, 1)]",[19]
Elementwise and metadata,kernel,triton_red_fused_eq_rms_norm_scalar_tensor_unsqueeze_where_2,3.0,7.793906249999999,6.891999999999999,8.199749999999998,2.5979687499999997,0.0,0.75,"[(2, 1, 1), (4, 1, 1)]","[(512, 1, 1)]",[19]
MTP FP8 block,kernel,tensorrt_llm::kernels::cutlass_kernels::doActivationKernel,3.0,7.186937499999999,6.811999999999999,7.604,2.395645833333333,0.0,3,"[(32, 1, 1)]","[(256, 1, 1)]",[19]
Elementwise and metadata,kernel,triton_red_fused_rms_norm_4,3.0,6.99196875,5.8,7.831874999999999,2.33065625,0.0,1.25,"[(4, 1, 1)]","[(512, 1, 1), (1024, 1, 1)]",[19]
Elementwise and metadata,kernel,triton_red_fused_1,3.0,6.80078125,6.7040000000000015,7.015875,2.2669270833333335,0.0,1,"[(4, 1, 1)]","[(512, 1, 1)]",[19]
Elementwise and metadata,kernel,triton_per_fused_mm_t_5,3.0,6.6779375000000005,4.904000000000002,7.332000000000002,2.225979166666667,0.0,3.75,"[(5, 1, 1), (640, 1, 1)]","[(64, 1, 1), (256, 1, 1)]",[19]
Elementwise and metadata,kernel,triton_red_fused_rms_norm_1,1.0,6.40790625,2.2640000000000002,9.735875,6.40790625,0.0,0.25,"[(1, 1, 1), (2, 1, 1), (4, 1, 1)]","[(128, 1, 1), (512, 1, 1)]",[19]
Elementwise and metadata,kernel,triton_red_fused_8,3.0,6.3118125,5.2755,8.147749999999998,2.1039375000000002,0.0,0.75,"[(2, 1, 1), (4, 1, 1), (8, 1, 1)]","[(128, 1, 1), (256, 1, 1), (512, 1, 1), (1024, 1, 1)]",[19]
Elementwise and metadata,kernel,triton_poi_fused_add_copy_index_select_mul_slice_split_stack_sub_unsqueeze_view_9,3.0,5.567875000000001,5.435875000000001,5.723875,1.8559583333333336,0.0,8.25,"[(128, 1, 1), (256, 1, 1)]","[(64, 1, 1), (128, 1, 1)]",[19]
DSA indexer,kernel,triton_tem_fused_mm_t_6,0.75,5.52390625,0.0,7.496,7.3652083333333325,0.0,3,"[(128, 1, 1)]","[(64, 1, 1)]",[19]
Elementwise and metadata,kernel,triton_poi_fused_0,3.0,4.963843750000001,4.77575,5.155875000000001,1.6546145833333339,0.0,3.75,"[(24, 1, 1), (48, 1, 1), (96, 1, 1)]","[(64, 1, 1), (128, 1, 1), (256, 1, 1), (512, 1, 1)]",[19]
Elementwise and metadata,kernel,triton_poi_fused_7,3.0,4.525906250000001,4.267750000000001,4.640000000000001,1.5086354166666671,0.0,0,"[(2, 1, 1), (8, 1, 1)]","[(64, 1, 1), (128, 1, 1), (256, 1, 1)]",[19]
Elementwise and metadata,kernel,triton_poi_fused_machete_mm_mul_silu_slice_1,3.0,4.522906250000001,4.263750000000001,4.6758750000000004,1.507635416666667,0.0,5.416666666666667,"[(24, 1, 1), (48, 1, 1), (192, 1, 1)]","[(64, 1, 1), (128, 1, 1), (256, 1, 1)]",[19]
Elementwise and metadata,kernel,triton_per_fused__to_copy_native_layer_norm_slice_6,3.0,4.194968750000001,3.820000000000001,4.531875000000001,1.398322916666667,0.0,0,"[(2, 1, 1), (4, 1, 1)]","[(32, 1, 1), (64, 1, 1), (128, 1, 1)]",[19]
Explicit copies,gpu_memcpy,Memcpy DtoH ,2.0,3.928000000000001,3.688,4.192,1.9640000000000004,20.0,,[],[],"[23, 31]"
DSA indexer,kernel,nvjet_sm90_tss_64x8_64x16_1x1_h_bz_TNT,1.0,3.3469375000000006,0.0,10.039875000000002,3.3469375000000006,0.0,0,"[(1, 96, 1)]","[(384, 1, 1)]",[19]
Elementwise and metadata,kernel,triton_red_fused_5,1.0,3.25796875,1.6199999999999999,4.071875,3.25796875,0.0,0.5,"[(2, 1, 1), (8, 1, 1)]","[(128, 1, 1), (512, 1, 1)]",[19]
Elementwise and metadata,kernel,at::native::_scatter_gather_elementwise_kernel,2.0,3.2079375000000008,3.0960000000000005,3.399875000000001,1.6039687500000004,0.0,0,"[(1, 1, 1)]","[(128, 1, 1)]",[19]
Elementwise and metadata,kernel,at::native::vectorized_gather_kernel,2.0,3.173000000000001,3.0840000000000005,3.220000000000001,1.5865000000000005,0.0,11.5,"[(3, 76, 1), (4, 3, 1)]","[(256, 1, 1)]",[19]
Elementwise and metadata,kernel,eagle_step_slot_mapping_metadata_kernel,2.0,2.81384375,2.7760000000000002,2.83975,1.406921875,0.0,0,"[(4, 1, 1)]","[(128, 1, 1)]",[19]
Elementwise and metadata,kernel,_compute_slot_mapping_kernel,1.0,2.51696875,2.42,2.659875,2.51696875,0.0,0,"[(2, 1, 1)]","[(128, 1, 1)]",[19]
Elementwise and metadata,kernel,triton_poi_fused_add_bitwise_and_bitwise_not_bitwise_or_embedding_ge_lt_masked_fill_mul_sub_unsqueeze_0,1.0,2.1209374999999997,1.7479999999999998,3.1479999999999997,2.1209374999999997,0.0,34,"[(192, 1, 1), (384, 1, 1), (3072, 1, 1)]","[(64, 1, 1), (128, 1, 1), (256, 1, 1)]",[19]
Elementwise and metadata,kernel,triton_per_fused_mm_t_2,1.0,1.7789375,1.223875,2.3,1.7789375,0.0,4.25,"[(5, 1, 1), (40, 1, 1)]","[(128, 1, 1), (256, 1, 1), (1024, 1, 1)]",[19]
Elementwise and metadata,kernel,rejection_greedy_sample_kernel,1.0,1.6249375,1.5839999999999999,1.659875,1.6249375,0.0,0,"[(1, 1, 1)]","[(128, 1, 1)]",[19]
Elementwise and metadata,kernel,triton_poi_fused_add_bitwise_and_clamp_copy__ge_gt_index_where_0,1.0,1.5619999999999998,1.4839999999999998,1.644,1.5619999999999998,0.0,0,"[(1, 1, 1)]","[(32, 1, 1)]",[19]
Elementwise and metadata,kernel,at::native::,1.0,1.4269062499999998,1.324,1.4878749999999998,1.4269062499999998,0.0,0,"[(1, 3, 1)]","[(128, 1, 1)]",[19]
Elementwise and metadata,kernel,triton_poi_fused_4,1.0,1.4139687499999998,1.3439999999999999,1.4919999999999998,1.4139687499999998,0.0,0,"[(2, 1, 1), (8, 1, 1)]","[(128, 1, 1)]",[19]
Elementwise and metadata,kernel,eagle_prepare_next_token_padded_kernel,1.0,1.3509687499999998,1.284,1.4119999999999997,1.3509687499999998,0.0,0,"[(1, 1, 1)]","[(128, 1, 1)]",[19]
Elementwise and metadata,kernel,triton_per_fused__to_copy_native_layer_norm_slice_3,1.0,1.3359999999999999,1.264,1.392,1.3359999999999999,0.0,0,"[(2, 1, 1), (4, 1, 1)]","[(32, 1, 1), (64, 1, 1)]",[19]
Elementwise and metadata,kernel,eagle_prepare_inputs_padded_kernel,1.0,1.0989375,1.0038749999999999,1.1440000000000001,1.0989375,0.0,0,"[(1, 1, 1)]","[(128, 1, 1)]",[19]
Elementwise and metadata,kernel,triton_poi_fused_add_copy_index_select_mul_slice_split_stack_sub_unsqueeze_view_6,0.25,0.326,0.0,1.304,1.304,0.0,12,"[(128, 1, 1)]","[(256, 1, 1)]",[19]
