2026/07/31 11:25:45.747, 0, 97871, 89659, 7622, 0
2026/07/31 11:25:45.754, 1, 97871, 89691, 7590, 0
2026/07/31 11:25:45.756, 2, 97871, 89677, 7604, 0
2026/07/31 11:25:45.757, 3, 97871, 89693, 7588, 0
2026/07/31 11:25:47.759, 0, 97871, 89661, 7620, 0
2026/07/31 11:25:47.759, 1, 97871, 89693, 7588, 0
2026/07/31 11:25:47.759, 2, 97871, 89679, 7602, 0
2026/07/31 11:25:47.759, 3, 97871, 89695, 7586, 0
2026/07/31 11:25:49.759, 0, 97871, 89661, 7620, 0
2026/07/31 11:25:49.759, 1, 97871, 89693, 7588, 0
2026/07/31 11:25:49.759, 2, 97871, 89679, 7602, 0
2026/07/31 11:25:49.759, 3, 97871, 89695, 7586, 0
2026/07/31 11:25:51.760, 0, 97871, 89661, 7620, 0
2026/07/31 11:25:51.760, 1, 97871, 89693, 7588, 0
2026/07/31 11:25:51.760, 2, 97871, 89679, 7602, 0
2026/07/31 11:25:51.760, 3, 97871, 89695, 7586, 0
2026/07/31 11:25:53.760, 0, 97871, 89661, 7620, 0
2026/07/31 11:25:53.760, 1, 97871, 89693, 7588, 0
2026/07/31 11:25:53.760, 2, 97871, 89679, 7602, 0
2026/07/31 11:25:53.760, 3, 97871, 89695, 7586, 0
2026/07/31 11:25:55.760, 0, 97871, 89661, 7620, 0
2026/07/31 11:25:55.761, 1, 97871, 89693, 7588, 0
2026/07/31 11:25:55.761, 2, 97871, 89679, 7602, 0
2026/07/31 11:25:55.761, 3, 97871, 89695, 7586, 0
2026/07/31 11:25:57.761, 0, 97871, 89661, 7620, 0
2026/07/31 11:25:57.761, 1, 97871, 89693, 7588, 0
2026/07/31 11:25:57.761, 2, 97871, 89679, 7602, 0
2026/07/31 11:25:57.761, 3, 97871, 89695, 7586, 0
2026/07/31 11:25:59.762, 0, 97871, 89661, 7620, 0
2026/07/31 11:25:59.762, 1, 97871, 89693, 7588, 0
2026/07/31 11:25:59.762, 2, 97871, 89679, 7602, 0
2026/07/31 11:25:59.762, 3, 97871, 89695, 7586, 0
2026/07/31 11:26:01.762, 0, 97871, 89661, 7620, 0
2026/07/31 11:26:01.762, 1, 97871, 89693, 7588, 0
2026/07/31 11:26:01.762, 2, 97871, 89679, 7602, 0
2026/07/31 11:26:01.762, 3, 97871, 89695, 7586, 0
2026/07/31 11:26:03.763, 0, 97871, 89661, 7620, 0
2026/07/31 11:26:03.763, 1, 97871, 89693, 7588, 0
2026/07/31 11:26:03.763, 2, 97871, 89679, 7602, 0
2026/07/31 11:26:03.763, 3, 97871, 89695, 7586, 0
2026/07/31 11:26:05.763, 0, 97871, 89661, 7620, 0
2026/07/31 11:26:05.763, 1, 97871, 89693, 7588, 0
2026/07/31 11:26:05.763, 2, 97871, 89679, 7602, 0
2026/07/31 11:26:05.763, 3, 97871, 89695, 7586, 0
2026/07/31 11:26:07.763, 0, 97871, 89661, 7620, 0
2026/07/31 11:26:07.764, 1, 97871, 89693, 7588, 0
2026/07/31 11:26:07.764, 2, 97871, 89679, 7602, 0
2026/07/31 11:26:07.764, 3, 97871, 89695, 7586, 0
2026/07/31 11:26:09.764, 0, 97871, 89661, 7620, 0
2026/07/31 11:26:09.764, 1, 97871, 89693, 7588, 0
2026/07/31 11:26:09.764, 2, 97871, 89679, 7602, 0
2026/07/31 11:26:09.764, 3, 97871, 89695, 7586, 0
2026/07/31 11:26:11.764, 0, 97871, 89661, 7620, 0
2026/07/31 11:26:11.764, 1, 97871, 89693, 7588, 0
2026/07/31 11:26:11.764, 2, 97871, 89679, 7602, 0
2026/07/31 11:26:11.765, 3, 97871, 89695, 7586, 0
2026/07/31 11:26:13.765, 0, 97871, 89661, 7620, 0
2026/07/31 11:26:13.765, 1, 97871, 89693, 7588, 0
2026/07/31 11:26:13.765, 2, 97871, 89679, 7602, 0
2026/07/31 11:26:13.765, 3, 97871, 89695, 7586, 0
2026/07/31 11:26:15.765, 0, 97871, 89661, 7620, 0
2026/07/31 11:26:15.765, 1, 97871, 89693, 7588, 0
2026/07/31 11:26:15.765, 2, 97871, 89679, 7602, 0
2026/07/31 11:26:15.765, 3, 97871, 89695, 7586, 0
2026/07/31 11:26:17.766, 0, 97871, 89661, 7620, 0
2026/07/31 11:26:17.766, 1, 97871, 89693, 7588, 0
2026/07/31 11:26:17.766, 2, 97871, 89679, 7602, 0
2026/07/31 11:26:17.766, 3, 97871, 89695, 7586, 0
2026/07/31 11:26:19.766, 0, 97871, 89661, 7620, 0
2026/07/31 11:26:19.766, 1, 97871, 89693, 7588, 0
2026/07/31 11:26:19.766, 2, 97871, 89679, 7602, 0
2026/07/31 11:26:19.766, 3, 97871, 89695, 7586, 0
2026/07/31 11:26:21.767, 0, 97871, 89661, 7620, 0
2026/07/31 11:26:21.767, 1, 97871, 89693, 7588, 0
2026/07/31 11:26:21.767, 2, 97871, 89679, 7602, 0
2026/07/31 11:26:21.767, 3, 97871, 89695, 7586, 0
2026/07/31 11:26:23.767, 0, 97871, 89661, 7620, 0
2026/07/31 11:26:23.767, 1, 97871, 89693, 7588, 0
2026/07/31 11:26:23.767, 2, 97871, 89679, 7602, 0
2026/07/31 11:26:23.767, 3, 97871, 89695, 7586, 0
2026/07/31 11:26:25.768, 0, 97871, 89661, 7620, 0
2026/07/31 11:26:25.768, 1, 97871, 89693, 7588, 0
2026/07/31 11:26:25.768, 2, 97871, 89679, 7602, 0
2026/07/31 11:26:25.768, 3, 97871, 89695, 7586, 0
2026/07/31 11:26:27.769, 0, 97871, 89661, 7620, 0
2026/07/31 11:26:27.769, 1, 97871, 89693, 7588, 0
2026/07/31 11:26:27.769, 2, 97871, 89679, 7602, 0
2026/07/31 11:26:27.769, 3, 97871, 89695, 7586, 0
2026/07/31 11:26:29.769, 0, 97871, 89661, 7620, 0
2026/07/31 11:26:29.769, 1, 97871, 89693, 7588, 0
2026/07/31 11:26:29.769, 2, 97871, 89679, 7602, 0
2026/07/31 11:26:29.769, 3, 97871, 89695, 7586, 0
2026/07/31 11:26:31.770, 0, 97871, 89661, 7620, 0
2026/07/31 11:26:31.770, 1, 97871, 89693, 7588, 0
2026/07/31 11:26:31.770, 2, 97871, 89679, 7602, 0
2026/07/31 11:26:31.770, 3, 97871, 89695, 7586, 0
2026/07/31 11:26:33.770, 0, 97871, 89661, 7620, 0
2026/07/31 11:26:33.770, 1, 97871, 89693, 7588, 0
2026/07/31 11:26:33.770, 2, 97871, 89679, 7602, 0
2026/07/31 11:26:33.770, 3, 97871, 89695, 7586, 0
2026/07/31 11:26:35.771, 0, 97871, 91261, 6020, 100
2026/07/31 11:26:35.775, 1, 97871, 91293, 5988, 100
2026/07/31 11:26:35.775, 2, 97871, 91279, 6002, 100
2026/07/31 11:26:35.775, 3, 97871, 91295, 5986, 100
2026/07/31 11:26:37.775, 0, 97871, 91261, 6020, 100
2026/07/31 11:26:37.775, 1, 97871, 91295, 5986, 100
2026/07/31 11:26:37.776, 2, 97871, 91279, 6002, 100
2026/07/31 11:26:37.776, 3, 97871, 91295, 5986, 100
2026/07/31 11:26:39.776, 0, 97871, 91261, 6020, 100
2026/07/31 11:26:39.776, 1, 97871, 91295, 5986, 100
2026/07/31 11:26:39.776, 2, 97871, 91279, 6002, 100
2026/07/31 11:26:39.776, 3, 97871, 91295, 5986, 100
2026/07/31 11:26:41.776, 0, 97871, 91261, 6020, 100
2026/07/31 11:26:41.777, 1, 97871, 91295, 5986, 100
2026/07/31 11:26:41.777, 2, 97871, 91279, 6002, 100
2026/07/31 11:26:41.777, 3, 97871, 91295, 5986, 100
2026/07/31 11:26:43.777, 0, 97871, 91263, 6018, 100
2026/07/31 11:26:43.777, 1, 97871, 91295, 5986, 100
2026/07/31 11:26:43.777, 2, 97871, 91281, 6000, 99
2026/07/31 11:26:43.777, 3, 97871, 91297, 5984, 87
2026/07/31 11:26:45.777, 0, 97871, 91262, 6019, 100
2026/07/31 11:26:45.778, 1, 97871, 91294, 5987, 100
2026/07/31 11:26:45.778, 2, 97871, 91281, 6000, 100
2026/07/31 11:26:45.778, 3, 97871, 91297, 5984, 100
2026/07/31 11:26:47.778, 0, 97871, 91262, 6019, 100
2026/07/31 11:26:47.778, 1, 97871, 91294, 5987, 100
2026/07/31 11:26:47.778, 2, 97871, 91281, 6000, 100
2026/07/31 11:26:47.778, 3, 97871, 91297, 5984, 100
2026/07/31 11:26:49.778, 0, 97871, 91262, 6019, 100
2026/07/31 11:26:49.779, 1, 97871, 91294, 5987, 100
2026/07/31 11:26:49.779, 2, 97871, 91281, 6000, 100
2026/07/31 11:26:49.779, 3, 97871, 91297, 5984, 100
2026/07/31 11:26:51.779, 0, 97871, 91262, 6019, 100
2026/07/31 11:26:51.779, 1, 97871, 91294, 5987, 100
2026/07/31 11:26:51.779, 2, 97871, 91281, 6000, 100
2026/07/31 11:26:51.779, 3, 97871, 91297, 5984, 100
2026/07/31 11:26:53.779, 0, 97871, 91282, 5999, 100
2026/07/31 11:26:53.780, 1, 97871, 91314, 5967, 100
2026/07/31 11:26:53.780, 2, 97871, 91301, 5980, 100
2026/07/31 11:26:53.780, 3, 97871, 91317, 5964, 100
2026/07/31 11:26:55.780, 0, 97871, 91282, 5999, 44
2026/07/31 11:26:55.780, 1, 97871, 91314, 5967, 98
2026/07/31 11:26:55.780, 2, 97871, 91300, 5981, 100
2026/07/31 11:26:55.780, 3, 97871, 91317, 5964, 100
2026/07/31 11:26:57.780, 0, 97871, 91282, 5999, 100
2026/07/31 11:26:57.781, 1, 97871, 91314, 5967, 100
2026/07/31 11:26:57.781, 2, 97871, 91300, 5981, 100
2026/07/31 11:26:57.781, 3, 97871, 91317, 5964, 100
2026/07/31 11:26:59.781, 0, 97871, 91284, 5997, 100
2026/07/31 11:26:59.781, 1, 97871, 91316, 5965, 100
2026/07/31 11:26:59.781, 2, 97871, 91302, 5979, 100
2026/07/31 11:26:59.781, 3, 97871, 91319, 5962, 100
2026/07/31 11:27:01.781, 0, 97871, 91284, 5997, 100
2026/07/31 11:27:01.782, 1, 97871, 91318, 5963, 100
2026/07/31 11:27:01.782, 2, 97871, 91302, 5979, 100
2026/07/31 11:27:01.782, 3, 97871, 91319, 5962, 100
2026/07/31 11:27:03.782, 0, 97871, 91284, 5997, 100
2026/07/31 11:27:03.782, 1, 97871, 91318, 5963, 100
2026/07/31 11:27:03.782, 2, 97871, 91302, 5979, 100
2026/07/31 11:27:03.782, 3, 97871, 91319, 5962, 100
2026/07/31 11:27:05.783, 0, 97871, 91284, 5997, 100
2026/07/31 11:27:05.783, 1, 97871, 91318, 5963, 100
2026/07/31 11:27:05.783, 2, 97871, 91302, 5979, 100
2026/07/31 11:27:05.784, 3, 97871, 91319, 5962, 100
2026/07/31 11:27:07.784, 0, 97871, 91284, 5997, 100
2026/07/31 11:27:07.784, 1, 97871, 91318, 5963, 100
2026/07/31 11:27:07.784, 2, 97871, 91302, 5979, 100
2026/07/31 11:27:07.784, 3, 97871, 91319, 5962, 100
2026/07/31 11:27:09.784, 0, 97871, 91284, 5997, 100
2026/07/31 11:27:09.785, 1, 97871, 91318, 5963, 100
2026/07/31 11:27:09.785, 2, 97871, 91302, 5979, 100
2026/07/31 11:27:09.785, 3, 97871, 91319, 5962, 100
2026/07/31 11:27:11.785, 0, 97871, 91284, 5997, 100
2026/07/31 11:27:11.785, 1, 97871, 91318, 5963, 100
2026/07/31 11:27:11.785, 2, 97871, 91302, 5979, 95
2026/07/31 11:27:11.785, 3, 97871, 91319, 5962, 100
2026/07/31 11:27:13.785, 0, 97871, 91284, 5997, 100
2026/07/31 11:27:13.786, 1, 97871, 91318, 5963, 100
2026/07/31 11:27:13.786, 2, 97871, 91302, 5979, 100
2026/07/31 11:27:13.786, 3, 97871, 91319, 5962, 100
2026/07/31 11:27:15.786, 0, 97871, 91284, 5997, 100
2026/07/31 11:27:15.786, 1, 97871, 91318, 5963, 100
2026/07/31 11:27:15.786, 2, 97871, 91302, 5979, 100
2026/07/31 11:27:15.786, 3, 97871, 91319, 5962, 100
2026/07/31 11:27:17.787, 0, 97871, 91284, 5997, 0
2026/07/31 11:27:17.787, 1, 97871, 91318, 5963, 0
2026/07/31 11:27:17.787, 2, 97871, 91302, 5979, 0
2026/07/31 11:27:17.787, 3, 97871, 91319, 5962, 0
2026/07/31 11:27:19.787, 0, 97871, 91284, 5997, 0
2026/07/31 11:27:19.832, 1, 97871, 91318, 5963, 0
2026/07/31 11:27:19.881, 2, 97871, 91302, 5979, 0
2026/07/31 11:27:19.881, 3, 97871, 91319, 5962, 0
2026/07/31 11:27:21.881, 0, 97871, 91284, 5997, 0
2026/07/31 11:27:21.881, 1, 97871, 91318, 5963, 0
2026/07/31 11:27:21.881, 2, 97871, 91302, 5979, 0
2026/07/31 11:27:21.881, 3, 97871, 91319, 5962, 0
2026/07/31 11:27:23.881, 0, 97871, 91284, 5997, 0
2026/07/31 11:27:23.881, 1, 97871, 91318, 5963, 0
2026/07/31 11:27:23.881, 2, 97871, 91302, 5979, 0
2026/07/31 11:27:23.881, 3, 97871, 91319, 5962, 0
2026/07/31 11:27:25.882, 0, 97871, 91284, 5997, 0
2026/07/31 11:27:25.882, 1, 97871, 91318, 5963, 0
2026/07/31 11:27:25.882, 2, 97871, 91302, 5979, 0
2026/07/31 11:27:25.882, 3, 97871, 91319, 5962, 0
2026/07/31 11:27:27.882, 0, 97871, 91284, 5997, 0
2026/07/31 11:27:27.883, 1, 97871, 91318, 5963, 0
2026/07/31 11:27:27.883, 2, 97871, 91302, 5979, 0
2026/07/31 11:27:27.883, 3, 97871, 91319, 5962, 0
2026/07/31 11:27:29.883, 0, 97871, 91284, 5997, 0
2026/07/31 11:27:29.883, 1, 97871, 91318, 5963, 0
2026/07/31 11:27:29.883, 2, 97871, 91302, 5979, 0
2026/07/31 11:27:29.883, 3, 97871, 91319, 5962, 0
2026/07/31 11:27:31.883, 0, 97871, 91284, 5997, 100
2026/07/31 11:27:31.884, 1, 97871, 91318, 5963, 100
2026/07/31 11:27:31.884, 2, 97871, 91302, 5979, 100
2026/07/31 11:27:31.884, 3, 97871, 91319, 5962, 100
2026/07/31 11:27:33.884, 0, 97871, 91284, 5997, 100
2026/07/31 11:27:33.884, 1, 97871, 91318, 5963, 100
2026/07/31 11:27:33.885, 2, 97871, 91302, 5979, 100
2026/07/31 11:27:33.885, 3, 97871, 91319, 5962, 100
2026/07/31 11:27:35.885, 0, 97871, 91284, 5997, 100
2026/07/31 11:27:35.885, 1, 97871, 91318, 5963, 100
2026/07/31 11:27:35.885, 2, 97871, 91302, 5979, 100
2026/07/31 11:27:35.885, 3, 97871, 91319, 5962, 100
2026/07/31 11:27:37.885, 0, 97871, 91284, 5997, 100
2026/07/31 11:27:37.886, 1, 97871, 91318, 5963, 100
2026/07/31 11:27:37.886, 2, 97871, 91302, 5979, 100
2026/07/31 11:27:37.886, 3, 97871, 91319, 5962, 100
2026/07/31 11:27:39.886, 0, 97871, 91284, 5997, 65
2026/07/31 11:27:39.886, 1, 97871, 91318, 5963, 100
2026/07/31 11:27:39.886, 2, 97871, 91302, 5979, 90
2026/07/31 11:27:39.886, 3, 97871, 91319, 5962, 100
2026/07/31 11:27:41.887, 0, 97871, 91284, 5997, 100
2026/07/31 11:27:41.887, 1, 97871, 91318, 5963, 100
2026/07/31 11:27:41.887, 2, 97871, 91302, 5979, 100
2026/07/31 11:27:41.887, 3, 97871, 91319, 5962, 100
2026/07/31 11:27:43.887, 0, 97871, 91284, 5997, 100
2026/07/31 11:27:43.888, 1, 97871, 91318, 5963, 100
2026/07/31 11:27:43.888, 2, 97871, 91302, 5979, 100
2026/07/31 11:27:43.888, 3, 97871, 91319, 5962, 100
2026/07/31 11:27:45.888, 0, 97871, 91284, 5997, 100
2026/07/31 11:27:45.888, 1, 97871, 91318, 5963, 100
2026/07/31 11:27:45.890, 2, 97871, 91302, 5979, 100
2026/07/31 11:27:45.890, 3, 97871, 91319, 5962, 100
2026/07/31 11:27:47.891, 0, 97871, 91284, 5997, 100
2026/07/31 11:27:47.891, 1, 97871, 91318, 5963, 100
2026/07/31 11:27:47.891, 2, 97871, 91302, 5979, 100
2026/07/31 11:27:47.891, 3, 97871, 91319, 5962, 100
2026/07/31 11:27:49.891, 0, 97871, 91284, 5997, 100
2026/07/31 11:27:49.891, 1, 97871, 91318, 5963, 100
2026/07/31 11:27:49.891, 2, 97871, 91302, 5979, 100
2026/07/31 11:27:49.892, 3, 97871, 91319, 5962, 100
2026/07/31 11:27:51.892, 0, 97871, 91284, 5997, 100
2026/07/31 11:27:51.892, 1, 97871, 91318, 5963, 100
2026/07/31 11:27:51.892, 2, 97871, 91302, 5979, 100
2026/07/31 11:27:51.892, 3, 97871, 91319, 5962, 100
2026/07/31 11:27:53.892, 0, 97871, 91284, 5997, 100
2026/07/31 11:27:53.893, 1, 97871, 91318, 5963, 100
2026/07/31 11:27:53.893, 2, 97871, 91302, 5979, 100
2026/07/31 11:27:53.893, 3, 97871, 91319, 5962, 100
2026/07/31 11:27:55.893, 0, 97871, 91284, 5997, 67
2026/07/31 11:27:55.893, 1, 97871, 91318, 5963, 92
2026/07/31 11:27:55.894, 2, 97871, 91302, 5979, 100
2026/07/31 11:27:55.894, 3, 97871, 91319, 5962, 93
2026/07/31 11:27:57.894, 0, 97871, 91284, 5997, 100
2026/07/31 11:27:57.894, 1, 97871, 91318, 5963, 100
2026/07/31 11:27:57.894, 2, 97871, 91302, 5979, 100
2026/07/31 11:27:57.894, 3, 97871, 91319, 5962, 100
2026/07/31 11:27:59.895, 0, 97871, 91284, 5997, 100
2026/07/31 11:27:59.895, 1, 97871, 91318, 5963, 100
2026/07/31 11:27:59.895, 2, 97871, 91302, 5979, 100
2026/07/31 11:27:59.895, 3, 97871, 91319, 5962, 100
2026/07/31 11:28:01.895, 0, 97871, 91284, 5997, 100
2026/07/31 11:28:01.896, 1, 97871, 91318, 5963, 100
2026/07/31 11:28:01.896, 2, 97871, 91302, 5979, 100
2026/07/31 11:28:01.896, 3, 97871, 91319, 5962, 100
2026/07/31 11:28:03.896, 0, 97871, 91284, 5997, 100
2026/07/31 11:28:03.896, 1, 97871, 91318, 5963, 100
2026/07/31 11:28:03.896, 2, 97871, 91302, 5979, 100
2026/07/31 11:28:03.897, 3, 97871, 91319, 5962, 100
2026/07/31 11:28:05.897, 0, 97871, 91284, 5997, 100
2026/07/31 11:28:05.897, 1, 97871, 91318, 5963, 100
2026/07/31 11:28:05.897, 2, 97871, 91302, 5979, 100
2026/07/31 11:28:05.897, 3, 97871, 91319, 5962, 100
2026/07/31 11:28:07.897, 0, 97871, 91284, 5997, 100
2026/07/31 11:28:07.897, 1, 97871, 91318, 5963, 100
2026/07/31 11:28:07.898, 2, 97871, 91302, 5979, 100
2026/07/31 11:28:07.898, 3, 97871, 91319, 5962, 100
2026/07/31 11:28:09.898, 0, 97871, 91284, 5997, 100
2026/07/31 11:28:09.898, 1, 97871, 91318, 5963, 100
2026/07/31 11:28:09.898, 2, 97871, 91302, 5979, 100
2026/07/31 11:28:09.898, 3, 97871, 91319, 5962, 100
2026/07/31 11:28:11.899, 0, 97871, 91284, 5997, 100
2026/07/31 11:28:11.899, 1, 97871, 91318, 5963, 100
2026/07/31 11:28:11.899, 2, 97871, 91302, 5979, 100
2026/07/31 11:28:11.899, 3, 97871, 91319, 5962, 100
2026/07/31 11:28:13.899, 0, 97871, 91284, 5997, 100
2026/07/31 11:28:13.899, 1, 97871, 91318, 5963, 100
2026/07/31 11:28:13.899, 2, 97871, 91302, 5979, 100
2026/07/31 11:28:13.900, 3, 97871, 91319, 5962, 100
2026/07/31 11:28:15.900, 0, 97871, 91284, 5997, 0
2026/07/31 11:28:15.900, 1, 97871, 91318, 5963, 0
2026/07/31 11:28:15.900, 2, 97871, 91302, 5979, 0
2026/07/31 11:28:15.900, 3, 97871, 91319, 5962, 0
2026/07/31 11:28:17.900, 0, 97871, 91284, 5997, 0
2026/07/31 11:28:17.901, 1, 97871, 91318, 5963, 0
2026/07/31 11:28:17.901, 2, 97871, 91302, 5979, 0
2026/07/31 11:28:17.901, 3, 97871, 91319, 5962, 0
2026/07/31 11:28:19.901, 0, 97871, 91284, 5997, 0
2026/07/31 11:28:19.901, 1, 97871, 91318, 5963, 0
2026/07/31 11:28:19.901, 2, 97871, 91302, 5979, 0
2026/07/31 11:28:19.901, 3, 97871, 91319, 5962, 0
2026/07/31 11:28:21.901, 0, 97871, 91284, 5997, 0
2026/07/31 11:28:21.902, 1, 97871, 91318, 5963, 0
2026/07/31 11:28:21.902, 2, 97871, 91302, 5979, 0
2026/07/31 11:28:21.902, 3, 97871, 91319, 5962, 0
2026/07/31 11:28:23.902, 0, 97871, 91284, 5997, 0
2026/07/31 11:28:23.902, 1, 97871, 91318, 5963, 0
2026/07/31 11:28:23.902, 2, 97871, 91302, 5979, 0
2026/07/31 11:28:23.902, 3, 97871, 91319, 5962, 0
2026/07/31 11:28:25.902, 0, 97871, 91284, 5997, 0
2026/07/31 11:28:25.903, 1, 97871, 91318, 5963, 0
2026/07/31 11:28:25.903, 2, 97871, 91302, 5979, 0
2026/07/31 11:28:25.903, 3, 97871, 91319, 5962, 0
2026/07/31 11:28:27.903, 0, 97871, 91284, 5997, 100
2026/07/31 11:28:27.904, 1, 97871, 91318, 5963, 100
2026/07/31 11:28:27.904, 2, 97871, 91302, 5979, 100
2026/07/31 11:28:27.904, 3, 97871, 91319, 5962, 100
2026/07/31 11:28:29.904, 0, 97871, 91284, 5997, 100
2026/07/31 11:28:29.904, 1, 97871, 91318, 5963, 100
2026/07/31 11:28:29.904, 2, 97871, 91302, 5979, 100
2026/07/31 11:28:29.904, 3, 97871, 91319, 5962, 100
2026/07/31 11:28:31.905, 0, 97871, 91284, 5997, 100
2026/07/31 11:28:31.905, 1, 97871, 91318, 5963, 100
2026/07/31 11:28:31.905, 2, 97871, 91302, 5979, 100
2026/07/31 11:28:31.905, 3, 97871, 91319, 5962, 100
2026/07/31 11:28:33.905, 0, 97871, 91284, 5997, 100
2026/07/31 11:28:33.905, 1, 97871, 91318, 5963, 100
2026/07/31 11:28:33.906, 2, 97871, 91302, 5979, 100
2026/07/31 11:28:33.906, 3, 97871, 91319, 5962, 100
2026/07/31 11:28:35.906, 0, 97871, 91284, 5997, 100
2026/07/31 11:28:35.906, 1, 97871, 91318, 5963, 100
2026/07/31 11:28:35.906, 2, 97871, 91302, 5979, 100
2026/07/31 11:28:35.906, 3, 97871, 91319, 5962, 100
2026/07/31 11:28:37.906, 0, 97871, 91284, 5997, 100
2026/07/31 11:28:37.907, 1, 97871, 91318, 5963, 100
2026/07/31 11:28:37.907, 2, 97871, 91302, 5979, 100
2026/07/31 11:28:37.907, 3, 97871, 91319, 5962, 100
2026/07/31 11:28:39.907, 0, 97871, 91284, 5997, 100
2026/07/31 11:28:39.907, 1, 97871, 91318, 5963, 100
2026/07/31 11:28:39.907, 2, 97871, 91302, 5979, 100
2026/07/31 11:28:39.907, 3, 97871, 91319, 5962, 100
2026/07/31 11:28:41.908, 0, 97871, 91284, 5997, 100
2026/07/31 11:28:41.908, 1, 97871, 91318, 5963, 100
2026/07/31 11:28:41.908, 2, 97871, 91302, 5979, 100
2026/07/31 11:28:41.908, 3, 97871, 91319, 5962, 100
2026/07/31 11:28:43.908, 0, 97871, 91284, 5997, 100
2026/07/31 11:28:43.909, 1, 97871, 91318, 5963, 100
2026/07/31 11:28:43.909, 2, 97871, 91302, 5979, 100
2026/07/31 11:28:43.909, 3, 97871, 91319, 5962, 100
2026/07/31 11:28:45.909, 0, 97871, 91284, 5997, 100
2026/07/31 11:28:45.910, 1, 97871, 91318, 5963, 100
2026/07/31 11:28:45.910, 2, 97871, 91302, 5979, 100
2026/07/31 11:28:45.910, 3, 97871, 91319, 5962, 100
2026/07/31 11:28:47.910, 0, 97871, 91284, 5997, 87
2026/07/31 11:28:47.910, 1, 97871, 91318, 5963, 100
2026/07/31 11:28:47.910, 2, 97871, 91302, 5979, 100
2026/07/31 11:28:47.911, 3, 97871, 91319, 5962, 100
2026/07/31 11:28:49.911, 0, 97871, 91284, 5997, 84
2026/07/31 11:28:49.911, 1, 97871, 91318, 5963, 92
2026/07/31 11:28:49.911, 2, 97871, 91302, 5979, 100
2026/07/31 11:28:49.911, 3, 97871, 91319, 5962, 92
2026/07/31 11:28:51.911, 0, 97871, 91284, 5997, 100
2026/07/31 11:28:51.912, 1, 97871, 91318, 5963, 100
2026/07/31 11:28:51.912, 2, 97871, 91302, 5979, 100
2026/07/31 11:28:51.912, 3, 97871, 91319, 5962, 100
2026/07/31 11:28:53.912, 0, 97871, 91284, 5997, 100
2026/07/31 11:28:53.912, 1, 97871, 91318, 5963, 100
2026/07/31 11:28:53.912, 2, 97871, 91302, 5979, 100
2026/07/31 11:28:53.912, 3, 97871, 91319, 5962, 100
2026/07/31 11:28:55.913, 0, 97871, 91284, 5997, 100
2026/07/31 11:28:55.913, 1, 97871, 91318, 5963, 100
2026/07/31 11:28:55.913, 2, 97871, 91302, 5979, 100
2026/07/31 11:28:55.913, 3, 97871, 91319, 5962, 100
2026/07/31 11:28:57.913, 0, 97871, 91284, 5997, 100
2026/07/31 11:28:57.913, 1, 97871, 91318, 5963, 100
2026/07/31 11:28:57.913, 2, 97871, 91302, 5979, 100
2026/07/31 11:28:57.914, 3, 97871, 91319, 5962, 100
2026/07/31 11:28:59.914, 0, 97871, 91284, 5997, 100
2026/07/31 11:28:59.914, 1, 97871, 91318, 5963, 100
2026/07/31 11:28:59.914, 2, 97871, 91302, 5979, 100
2026/07/31 11:28:59.914, 3, 97871, 91319, 5962, 100
2026/07/31 11:29:01.914, 0, 97871, 91284, 5997, 100
2026/07/31 11:29:01.914, 1, 97871, 91318, 5963, 100
2026/07/31 11:29:01.915, 2, 97871, 91302, 5979, 100
2026/07/31 11:29:01.915, 3, 97871, 91319, 5962, 100
2026/07/31 11:29:03.915, 0, 97871, 91284, 5997, 100
2026/07/31 11:29:03.915, 1, 97871, 91318, 5963, 100
2026/07/31 11:29:03.915, 2, 97871, 91302, 5979, 100
2026/07/31 11:29:03.915, 3, 97871, 91319, 5962, 100
2026/07/31 11:29:05.916, 0, 97871, 91284, 5997, 89
2026/07/31 11:29:05.916, 1, 97871, 91318, 5963, 100
2026/07/31 11:29:05.916, 2, 97871, 91302, 5979, 100
2026/07/31 11:29:05.916, 3, 97871, 91319, 5962, 100
2026/07/31 11:29:07.917, 0, 97871, 91284, 5997, 100
2026/07/31 11:29:07.917, 1, 97871, 91318, 5963, 100
2026/07/31 11:29:07.917, 2, 97871, 91302, 5979, 100
2026/07/31 11:29:07.917, 3, 97871, 91319, 5962, 100
2026/07/31 11:29:09.917, 0, 97871, 91284, 5997, 100
2026/07/31 11:29:09.918, 1, 97871, 91318, 5963, 100
2026/07/31 11:29:09.918, 2, 97871, 91302, 5979, 100
2026/07/31 11:29:09.918, 3, 97871, 91319, 5962, 100
2026/07/31 11:29:11.918, 0, 97871, 91284, 5997, 0
2026/07/31 11:29:11.918, 1, 97871, 91318, 5963, 0
2026/07/31 11:29:11.918, 2, 97871, 91302, 5979, 0
2026/07/31 11:29:11.918, 3, 97871, 91319, 5962, 0
2026/07/31 11:29:13.919, 0, 97871, 91284, 5997, 0
2026/07/31 11:29:13.919, 1, 97871, 91318, 5963, 0
2026/07/31 11:29:13.919, 2, 97871, 91302, 5979, 0
2026/07/31 11:29:13.919, 3, 97871, 91319, 5962, 0
2026/07/31 11:29:15.919, 0, 97871, 91284, 5997, 0
2026/07/31 11:29:15.919, 1, 97871, 91318, 5963, 0
2026/07/31 11:29:15.919, 2, 97871, 91302, 5979, 0
2026/07/31 11:29:15.919, 3, 97871, 91319, 5962, 0
2026/07/31 11:29:17.920, 0, 97871, 91284, 5997, 0
2026/07/31 11:29:17.920, 1, 97871, 91318, 5963, 0
2026/07/31 11:29:17.920, 2, 97871, 91302, 5979, 0
2026/07/31 11:29:17.920, 3, 97871, 91319, 5962, 0
2026/07/31 11:29:19.920, 0, 97871, 91284, 5997, 0
2026/07/31 11:29:19.920, 1, 97871, 91318, 5963, 0
2026/07/31 11:29:19.920, 2, 97871, 91302, 5979, 0
2026/07/31 11:29:19.920, 3, 97871, 91319, 5962, 0
2026/07/31 11:29:21.920, 0, 97871, 91284, 5997, 0
2026/07/31 11:29:21.921, 1, 97871, 91318, 5963, 0
2026/07/31 11:29:21.921, 2, 97871, 91302, 5979, 0
2026/07/31 11:29:21.921, 3, 97871, 91319, 5962, 0
2026/07/31 11:29:23.921, 0, 97871, 91284, 5997, 100
2026/07/31 11:29:23.921, 1, 97871, 91318, 5963, 100
2026/07/31 11:29:23.921, 2, 97871, 91302, 5979, 100
2026/07/31 11:29:23.921, 3, 97871, 91319, 5962, 100
2026/07/31 11:29:25.922, 0, 97871, 91284, 5997, 100
2026/07/31 11:29:25.922, 1, 97871, 91318, 5963, 100
2026/07/31 11:29:25.922, 2, 97871, 91302, 5979, 100
2026/07/31 11:29:25.922, 3, 97871, 91319, 5962, 100
2026/07/31 11:29:27.923, 0, 97871, 91284, 5997, 100
2026/07/31 11:29:27.923, 1, 97871, 91318, 5963, 100
2026/07/31 11:29:27.923, 2, 97871, 91302, 5979, 100
2026/07/31 11:29:27.923, 3, 97871, 91319, 5962, 100
2026/07/31 11:29:29.923, 0, 97871, 91284, 5997, 100
2026/07/31 11:29:29.924, 1, 97871, 91318, 5963, 100
2026/07/31 11:29:29.924, 2, 97871, 91302, 5979, 100
2026/07/31 11:29:29.924, 3, 97871, 91319, 5962, 100
2026/07/31 11:29:31.924, 0, 97871, 91284, 5997, 100
2026/07/31 11:29:31.924, 1, 97871, 91318, 5963, 100
2026/07/31 11:29:31.924, 2, 97871, 91302, 5979, 100
2026/07/31 11:29:31.925, 3, 97871, 91319, 5962, 100
2026/07/31 11:29:33.925, 0, 97871, 91284, 5997, 100
2026/07/31 11:29:33.925, 1, 97871, 91318, 5963, 100
2026/07/31 11:29:33.925, 2, 97871, 91302, 5979, 100
2026/07/31 11:29:33.925, 3, 97871, 91319, 5962, 100
2026/07/31 11:29:35.925, 0, 97871, 91284, 5997, 98
2026/07/31 11:29:35.926, 1, 97871, 91318, 5963, 100
2026/07/31 11:29:35.926, 2, 97871, 91302, 5979, 100
2026/07/31 11:29:35.926, 3, 97871, 91319, 5962, 100
2026/07/31 11:29:37.926, 0, 97871, 91284, 5997, 100
2026/07/31 11:29:37.926, 1, 97871, 91318, 5963, 100
2026/07/31 11:29:37.926, 2, 97871, 91302, 5979, 100
2026/07/31 11:29:37.927, 3, 97871, 91319, 5962, 100
2026/07/31 11:29:39.927, 0, 97871, 91284, 5997, 100
2026/07/31 11:29:39.927, 1, 97871, 91318, 5963, 100
2026/07/31 11:29:39.927, 2, 97871, 91302, 5979, 100
2026/07/31 11:29:39.927, 3, 97871, 91319, 5962, 100
2026/07/31 11:29:41.928, 0, 97871, 91284, 5997, 100
2026/07/31 11:29:41.928, 1, 97871, 91318, 5963, 100
2026/07/31 11:29:41.928, 2, 97871, 91302, 5979, 100
2026/07/31 11:29:41.928, 3, 97871, 91319, 5962, 100
2026/07/31 11:29:43.928, 0, 97871, 91284, 5997, 100
2026/07/31 11:29:43.928, 1, 97871, 91318, 5963, 100
2026/07/31 11:29:43.928, 2, 97871, 91302, 5979, 100
2026/07/31 11:29:43.928, 3, 97871, 91319, 5962, 100
2026/07/31 11:29:45.929, 0, 97871, 91284, 5997, 100
2026/07/31 11:29:45.929, 1, 97871, 91318, 5963, 100
2026/07/31 11:29:45.930, 2, 97871, 91302, 5979, 100
2026/07/31 11:29:45.930, 3, 97871, 91319, 5962, 100
2026/07/31 11:29:47.930, 0, 97871, 91284, 5997, 100
2026/07/31 11:29:47.930, 1, 97871, 91318, 5963, 100
2026/07/31 11:29:47.930, 2, 97871, 91302, 5979, 100
2026/07/31 11:29:47.930, 3, 97871, 91319, 5962, 100
2026/07/31 11:29:49.931, 0, 97871, 91284, 5997, 100
2026/07/31 11:29:49.931, 1, 97871, 91318, 5963, 100
2026/07/31 11:29:49.931, 2, 97871, 91302, 5979, 100
2026/07/31 11:29:49.931, 3, 97871, 91319, 5962, 100
2026/07/31 11:29:51.931, 0, 97871, 91284, 5997, 100
2026/07/31 11:29:51.932, 1, 97871, 91318, 5963, 100
2026/07/31 11:29:51.932, 2, 97871, 91302, 5979, 100
2026/07/31 11:29:51.932, 3, 97871, 91319, 5962, 100
2026/07/31 11:29:53.932, 0, 97871, 91284, 5997, 100
2026/07/31 11:29:53.932, 1, 97871, 91318, 5963, 100
2026/07/31 11:29:53.932, 2, 97871, 91302, 5979, 100
2026/07/31 11:29:53.933, 3, 97871, 91319, 5962, 100
2026/07/31 11:29:55.933, 0, 97871, 91284, 5997, 100
2026/07/31 11:29:55.933, 1, 97871, 91318, 5963, 100
2026/07/31 11:29:55.933, 2, 97871, 91302, 5979, 100
2026/07/31 11:29:55.933, 3, 97871, 91319, 5962, 100
2026/07/31 11:29:57.933, 0, 97871, 91284, 5997, 100
2026/07/31 11:29:57.934, 1, 97871, 91318, 5963, 100
2026/07/31 11:29:57.934, 2, 97871, 91302, 5979, 100
2026/07/31 11:29:57.934, 3, 97871, 91319, 5962, 100
2026/07/31 11:29:59.934, 0, 97871, 91284, 5997, 100
2026/07/31 11:29:59.934, 1, 97871, 91318, 5963, 100
2026/07/31 11:29:59.934, 2, 97871, 91302, 5979, 100
2026/07/31 11:29:59.934, 3, 97871, 91319, 5962, 100
2026/07/31 11:30:01.935, 0, 97871, 91284, 5997, 100
2026/07/31 11:30:01.935, 1, 97871, 91318, 5963, 100
2026/07/31 11:30:01.935, 2, 97871, 91302, 5979, 100
2026/07/31 11:30:01.935, 3, 97871, 91319, 5962, 100
2026/07/31 11:30:03.935, 0, 97871, 91284, 5997, 100
2026/07/31 11:30:03.935, 1, 97871, 91318, 5963, 100
2026/07/31 11:30:03.936, 2, 97871, 91302, 5979, 100
2026/07/31 11:30:03.936, 3, 97871, 91319, 5962, 100
2026/07/31 11:30:05.936, 0, 97871, 91284, 5997, 100
2026/07/31 11:30:05.936, 1, 97871, 91318, 5963, 100
2026/07/31 11:30:05.936, 2, 97871, 91302, 5979, 100
2026/07/31 11:30:05.936, 3, 97871, 91319, 5962, 100
