1607,6805,3588,2673,2508,4505,4314,2218,8521,4210,2719,8203,1694,3147,2223,3242,3059,4555,1894,4537,4905,3855,4779,4976,3615,3619,5033,3587,5773,2598,5043,3662,3621,2469,3191,4316,4264,6846,3729,2842,3983,3723,2645,5532,3735,3135,4118,2919,5182,4237,3737,3322,4846,1837,3435,4378,3936,3181,5156,4644,3798,3749,4024,3986,2497,3714,4553,5787,5073,2548,3866,2895,3590,5878,2546,3113,3100,2219,11631,3342,2966,5254,5236,8266,6664,3844,4441,1948,3654,3029,5036,2306,3657,4525,3551,1520,3541,5665,2342,3757,3763,6090,2844,2640,4545,3253,3008,2165,3517,5510,5912,5942,3281,2890,3510,2738,3032,3488,4432,5582,2149,3826,4397,4261,4803,4201,3331,2199,4350,3822,2797,7059,4139,3151,3316,3282,3002,5073,4174,5586,3224,5195,973,4705,3239,3150,5373,389,3907,2444,3578,5444,6462,3672,2752,5437,2834,2141,6852,4668,5311,6966,6228,7197,4573,4563,3555,2773,4224,4986,4045,5642,1906,2013,6443,3957,1977,3043,5381,6537,3301,5031,3203,2177,4436,4627,4585,5984,5458,4200,2062,4068,1644,3522,4353,7693,2740,3946,4379,4719,3575,2948,2945,4649,3825,2330,1535,4216,3817,4209,5098,8004,3879,4194,3265,5961,4273,3249,2282,2699,7985,3067,5618,7295,3840,4350,5243,3749,4028,5018,5622,3505,3777,6188,5138,2428,4859,4282,5791,3436,5802,2573,1908,4528,4209,2233,1357,4332,6911,2574,2901,4242,3930,3471,2986,2323
1470,3695,4817,5599,3580,4016,4350,4413,3319,6351,3097,2601,4117,1839,2929,3579,4317,5465,3899,8044,5123,4103,3878,3306,2499,2602,2552,4474,2720,3018,5125,2942,4984,3053,2678,2079,4169,2856,5111,3708,5719,5676,3040,3411,4681,2413,3841,3239,4431,3738,4284,2127,3825,6883,5372,4052,5207,3911,4411,3952,3414,6058,3992,2801,4952,1207,1296,2418,1635,4576,9232,1928,2285,5337,4565,4559,3515,3789,3047,2807,4815,1791,3311,6423,4393,5020,3432,4381,2170,2683,3062,5801,7539,3211,4516,5077,5022,2701,5287,2572,3605,6131,3118,3779,2665,543,4390,6283,3815,8437,3240,6060,6528,4659,3871,1379,3149,3682,2940,2809,7093,2202,4896,5034,2661,4540,3481,4471,5121,3890,5961,4372,6176,4854,4649,2364,4360,7112,3033,4175,5895,3315,2794,2266,5905,4531,1673,5754,4845,3725,3721,2779,5428,2809,4317,5962,5431,3422,4466,4415,3563,5664,3957,1552,1875,3023,3122,4534,8227,8572,4552,3438,2777,4111,5024,4561,4517,3043,4452,3353,3690,4357,3703,2637,5629,3483,5473,3280,1976,1880,6196,3629,3459,222,6284,2997,3574,4328,6048,5292,2717,4140,11716,5276,3392,4995,6392,1159,2475,3918,6919,2102,2426,4754,4683,3038,5205,4180,3443,5311,7017,4529,3121,1895,1807,1258,3337,1364,4322,2113,4991,2784,3681,4551,1556,8153,4050,2999,8709,3191,6421,3524,2547,4631,3651,2463,2745,3330,4606,2099,6037,3108,4045,5539,1930,4446
4012,2914,4750,1858,3268,3780,4231,4746,4948,2719,1935,7333,5666,3785,4688,2460,4141,4034,2859,2198,7014,3343,4653,4130,5352,7891,3439,5593,2843,3841,3769,2839,3658,4661,3215,3590,5271,2691,4025,4042,2940,4365,2613,3366,1363,6565,3336,2602,5862,4636,5270,4924,6378,2200,4285,5057,2466,4280,2674,4253,3689,4794,4106,4622,2840,3230,5511,2232,3246,3805,2463,4918,1817,2468,4866,4324,4711,5893,2390,3064,4209,4149,1059,5382,2693,2371,2527,2477,4351,3665,5013,5089,2002,4859,2730,3119,3574,6115,4560,2221,6919,2317,490,4677,5018,4782,4569,10193,3328,5007,2954,4412,1322,3946,5722,6200,1603,5316,3838,1896,2859,4039,5425,3042,2764,2330,5604,4958,5651,5329,5735,3967,4784,3256,2828,2425,3248,5120,2962,3724,2242,5473,2510,6024,4090,2610,3878,3579,2667,3771,1837,3886,6330,2003,5100,4021,3835,4309,3951,4286,3663,1995,6319,3058,1445,8013,2718,1131,6232,4876,4852,3868,5546,4396,4543,9705,3673,5447,5010,2481,2601,2641,2498,5189,2648,6425,6030,3849,2000,7588,9319,2677,4914,4865,2948,6032,2526,2636,3083,4341,5410,6726,2036,8637,2567,5467,3135,3131,4392,2487,3489,5446,4284,3947,8946,3636,2539,4613,1484,3054,4795,2133,3893,4487,2624,3320,2681,3069,3645,3644,5339,3130,4297,4358,8839,5894,5858,3468,3006,2987,5641,3194,4820,5062,1733,4225,7228,4454,3237,4955,3526,2238,3407,4638,3307,3062
5175,6972,2301,2900,4701,4300,5057,3182,1348,1359,3957,5330,3041,2082,2625,806,3356,2884,4589,4530,3674,4209,1878,6247,5355,4474,5092,5186,4922,2726,2205,4513,3701,2190,2430,3680,4295,1590,6037,2278,1843,8701,1915,3740,4200,5186,5218,5958,6898,3211,5657,4670,6163,4825,1208,10134,6406,4601,4723,5693,3585,4183,4612,5452,3288,3707,2293,6058,4564,3600,4805,3644,5364,2933,4709,2994,3917,3077,4940,2602,2804,1763,5081,4918,3320,3111,5104,4708,3351,5592,5394,4444,3712,8307,2411,3795,4508,4495,3016,2485,2059,795,3166,2232,3044,2752,3092,4819,3279,9014,1627,4392,3269,2170,4468,3204,3600,8226,3506,3157,1167,3435,2642,3706,3822,4977,2728,3464,2250,4861,2778,2555,3169,2337,3717,3851,6323,3583,3874,2380,5573,4979,2672,4798,4375,3299,3808,3155,4289,5381,4572,3877,6820,3321,4566,2459,5525,2508,2641,5261,4099,4933,3528,4354,3119,5606,4653,6058,2431,4496,2471,3062,4085,4760,3503,4551,2296,8020,3221,7444,6559,6412,4060,4202,1551,1932,6357,4478,4600,4401,2841,7163,5058,3066,3186,11809,2154,2419,3567,2673,2894,3439,2941,1705,4335,2921,4991,2167,8436,4562,2156,3525,2480,5060,4776,4484,5598,2734,3591,4898,3933,2559,7238,3389,4219,6717,1682,1823,6544,5235,4749,3546,6364,7799,2446,4388,3211,3013,1503,3468,3690,3162,3455,6503,3389,3650,7342,2520,2179,2156,6032,3493,3503,2714,6440,4069
3664,4230,4265,4185,3199,3058,3604,3252,9435,3134,6304,5119,3333,4872,3825,6202,1034,2547,3082,4385,5147,8448,4805,8444,3348,4611,3200,3050,2249,6792,2241,6122,3756,2568,4787,5526,3831,6122,5093,4554,5473,4130,3947,3697,4095,2834,3948,3513,4484,5702,5941,6856,3237,3553,5213,4705,2538,4749,3966,1929,3241,2978,2917,2194,4376,3604,4644,3894,4573,2297,1979,3465,3767,2622,5069,5722,3402,8818,8301,4804,5135,2449,7183,7260,1639,4639,5701,3042,2813,4690,3363,3121,5335,4519,4910,3249,4392,3916,2001,4694,3436,5783,2384,4125,3505,1964,3781,4048,6367,4193,3128,4170,4806,4207,6013,1815,3097,996,3722,3009,4448,3049,2286,6537,4306,4596,3782,3316,4700,6522,3565,4023,3551,4507,3331,2260,4281,5913,5905,5296,2786,4143,5460,5427,3677,1930,926,5364,4771,4419,4109,4281,3794,3370,3094,3062,3307,4206,5539,3891,5131,3786,3618,4075,2702,4184,3214,3183,4292,2526,4069,1786,6568,1658,3023,6728,6462,1095,4063,5370,5583,4064,2161,3858,3920,979,4762,2130,1956,3419,2936,2628,2694,4043,3456,3491,5520,2408,4220,3404,3923,1831,4311,3780,5087,4686,2554,3647,6650,4194,7299,3308,4432,2414,3006,6616,3084,3792,3238,2246,4742,4247,2235,5076,4673,3720,8265,4815,2963,4103,4285,3299,2603,4285,4570,3609,3672,5362,4978,5406,2735,1607,4218,4324,4778,3637,6613,3854,2673,3112,2701,2189,2047,4610,4073,2864
3859,1907,3681,3553,7292,3084,1008,14910,7971,2318,4744,5469,4875,5292,5808,2250,6700,3203,4363,6774,5819,2635,4746,8366,2914,3086,2482,4574,4013,3348,5626,6713,4626,1961,5821,6472,3805,4273,4803,8914,3199,5679,3883,3430,2049,2568,1280,5589,3784,5913,3857,4132,5502,4642,4920,6694,5624,4082,2927,6225,3599,1520,4059,2005,4703,3079,7355,3054,5852,3939,3572,2776,1760,3995,3293,4245,6143,2943,7031,5942,3566,4969,3181,2889,747,5071,5202,4754,4189,2113,7559,5462,1516,2600,5216,4865,3426,3545,4147,3436,3216,2920,4050,1597,1266,4044,4842,4441,3307,2764,2316,2891,2114,3608,5081,5362,6326,1816,4595,2214,4480,3434,4275,2834,2019,3318,4111,1576,4860,1684,5348,4939,5160,5435,3631,3175,3371,6058,3836,3303,4674,1901,4705,2742,4369,3423,7791,4733,2575,4743,2578,1958,3343,4618,5783,3380,2436,3372,4807,1200,6465,3150,7235,3272,3524,6452,2082,4141,2021,1976,1639,4012,753,5929,2981,4406,4215,2709,3574,4638,1062,1185,10232,2601,3764,3619,4010,3866,6233,4335,2917,1240,7208,4565,5099,1199,2221,2297,10930,4707,3018,4858,4429,4059,4469,1859,2627,5462,3828,3354,2294,3016,3919,6151,3314,3305,5946,3848,4442,3765,3533,6579,3057,3453,4613,2755,4410,3733,3949,3732,3933,2804,3820,1388,2952,2272,4529,3647,4405,5463,4631,3418,5838,5118,3544,3074,5641,4131,5596,2915,2115,2402,3560,4762,3480,3354
15212,5504,6040,2186,4221,5754,3086,983,1089,5436,3981,3935,7741,2816,4264,1700,2149,6148,5412,3793,3130,4243,3517,3940,3790,4084,7363,5733,4709,2825,1928,2774,3200,3995,9026,3408,2566,5965,3886,2379,7010,3795,3218,4366,7528,5304,2550,1741,1817,1793,4602,3106,1691,5245,8454,4407,5789,2747,4764,4151,1777,3550,3785,4654,3386,4598,5623,2380,3157,2924,4260,3668,5621,3726,6126,7336,3605,4078,3192,5129,3629,5390,4282,3882,969,3894,2935,3902,4029,6178,2696,4672,4739,3283,2259,3871,8111,4925,1507,4551,2738,2858,3891,2460,3598,4034,2699,2771,4735,4943,2594,3478,3687,1327,1383,5804,2039,1437,2482,3031,4769,2171,4577,949,4120,4993,5363,4346,2893,4716,2716,4022,4126,2183,3530,3171,5551,7114,3188,3347,1936,1739,7352,4180,4325,5145,2077,6762,4761,4691,6086,3441,4048,5970,3531,1244,2527,3409,1530,5408,3873,2071,5401,2927,5269,3170,4760,5969,5345,4856,2672,4276,4242,6197,2854,3089,4350,2994,3911,2591,3077,6210,5083,3999,6793,3812,3965,9318,2146,3853,4037,1364,1988,3228,2623,3227,3785,1831,5411,1926,4999,4116,7122,1013,3666,3006,2509,4778,3119,2471,7711,7663,1227,17934,2789,2198,3325,5168,3320,3635,5648,6994,1997,2269,8086,5699,2813,764,4762,5460,5739,4671,3469,5265,2256,1725,3443,2817,501,1977,3526,3514,4894,10783,5676,2268,4948,3612,4799,2777,4721,3867,2832,3526,4167,2345
954,6308,5513,4942,3433,2476,3669,6017,2229,3774,6743,4617,4414,2586,4321,1787,2721,4321,1343,7233,5408,4157,6119,10617,4646,5210,6417,11846,1801,5296,2972,1791,6517,4274,2142,2915,3065,2933,3060,1982,2274,2374,3996,3404,6178,3654,4334,2689,2210,3357,5476,3551,2708,2159,5069,3939,4821,4162,3336,2618,1208,4557,5641,3919,3628,2396,2608,957,1600,3792,1194,1957,5800,1272,3061,4014,4041,2033,3676,2551,2755,6144,5140,4059,15283,2865,3116,2022,5546,4382,4189,5805,2167,3833,1827,1969,4992,5513,4424,2767,3432,2073,3526,3256,8461,1605,3518,5136,3328,3596,3459,2556,4350,2685,4872,3153,2104,4977,4699,2633,4417,3216,5270,2426,1104,9753,2598,3494,6154,5836,2357,6084,3673,2209,2682,6910,850,3525,3087,2608,3718,7244,1337,10052,2566,2789,1411,2975,13855,2348,2136,3566,7379,6880,5250,3489,1458,3863,4782,3880,6497,2496,7096,2496,11573,2148,4212,2491,1626,5660,4412,1544,3617,2205,2950,2605,3185,2955,2038,6972,5023,3667,2497,4007,6480,2806,2692,2078,1751,7832,4204,1394,1218,4317,5572,4226,3568,5576,1713,3105,974,2020,1372,9563,1329,5176,2362,3811,3062,2121,7868,3174,6967,4975,4214,3275,6314,18530,3156,3379,6257,3707,1344,4965,3402,1011,9204,2653,926,5206,2389,5539,4768,2270,8724,2991,2631,5491,3517,3890,3264,4071,3232,2423,4337,4777,7488,7070,5875,11431,2893,1405,1577,4144,3659,4228
3883,6089,3604,2849,3770,1582,4313,772,1873,4239,3898,2929,3127,7219,8924,3570,3982,7724,2725,1112,2313,3870,4623,7621,1845,2192,850,1509,4464,6097,2594,2734,3038,4042,3424,3195,5331,2125,3431,4859,2830,1621,1288,3619,2758,1771,8303,3071,2928,1904,3932,4062,6099,2585,12012,3369,3066,2623,2553,5108,7568,3016,7092,2659,2673,5539,3946,2503,5692,2168,1525,7639,5718,10697,10294,2302,4011,4121,2039,9587,2792,2922,2244,2978,8092,1340,5038,3542,1434,2419,7203,4363,3618,3072,5426,12658,2526,6397,913,4465,12026,2629,5767,3554,1591,1808,2442,3153,5791,4703,4271,1963,305,8045,4673,3611,5994,7080,3048,3425,5180,3021,465,3093,2969,4859,2208,3544,4297,3059,1987,8980,833,4530,3253,2037,1189,4145,3862,4205,3308,5138,2200,3147,3503,3578,5004,6045,1756,12086,2353,2334,7777,5050,3269,3576,1645,6661,5243,6680,1242,662,3394,4103,2621,3146,5044,1750,2451,3842,1951,4054,3653,4239,974,2948,5426,4920,4771,4941,2044,2836,1094,6961,3488,2053,7518,2443,5206,1483,4649,5382,1588,3293,1974,3873,8436,7254,3742,6725,6864,3212,769,5048,5792,19163,1156,4903,3950,4391,2870,2109,2874,3551,2972,4076,4255,3525,1930,2785,6148,5146,3512,1423,3631,4063,4110,8197,3652,4528,7572,3221,2150,4417,5237,5467,3017,5662,4746,1020,6602,2212,4196,5149,10798,4893,1272,3301,1919,2044,1120,3074,4623,2465,5835,2323
1643,3624,3556,3016,6109,2970,3823,3118,1559,2681,3313,2630,372,3312,6120,4169,1054,6431,1424,4303,1067,4004,7297,2947,286,4269,4046,1113,3387,2321,3630,1208,3788,2703,4463,3138,3421,3232,3984,6961,2341,3883,5034,2713,3854,4294,1755,2542,7575,1806,2219,4551,1057,3925,6305,1319,5083,4673,7666,632,8598,1163,5294,2599,5274,2151,3993,8136,575,3254,3748,4621,6668,3577,4661,3112,7960,5180,9612,7223,3280,773,4521,4160,2360,2287,2520,4048,4837,3649,3357,1035,6444,2051,16573,7992,2540,1596,1313,2142,3237,1557,4225,4874,7897,9887,4414,3079,4326,2279,7029,9242,3315,4164,5201,2421,1229,3741,2453,3560,2276,3317,4550,6273,1724,1486,3055,5551,2155,4531,6434,2144,11094,2406,1534,867,1427,11760,7709,4775,6609,3881,2896,6168,2576,4628,1817,5863,3786,2097,4439,3610,5492,1198,3714,3010,8496,6016,1965,650,4230,1741,1637,6116,6465,3968,962,4075,3958,4778,1644,2973,4282,3997,4541,4581,3226,5020,2837,3813,6481,3411,6525,1676,11397,4383,5134,1062,1651,2462,3474,8138,1980,1115,5132,3205,14945,3829,8257,3307,1608,1985,852,5322,1250,4538,1403,18322,11142,1506,4019,2597,10595,3135,8571,1264,5362,2457,3582,4931,4783,4410,2532,2493,3643,1971,1155,4358,2876,2826,4634,2956,4516,2262,4468,5668,3012,3106,5345,2560,7171,1124,2479,1270,3558,3846,1433,6782,9984,662,2327,9117,4834,3979,3952,3490
4728,4642,4796,3237,5341,4032,3311,2696,3205,6997,4059,3991,6215,2497,4824,7112,3826,2366,1748,3190,2812,1987,5353,8649,3428,4259,2924,4438,3640,7271,4040,4180,3553,5437,3090,6646,3218,5293,3745,5347,1886,4997,3794,7983,3604,3733,3461,3182,3739,3608,3593,2618,4155,1669,2242,5753,4301,16065,3405,6219,1331,4348,4672,4106,4695,5544,2786,2662,5158,3614,4221,5197,3340,5117,741,3389,4132,1807,7855,4374,5765,3049,3706,4708,1900,12704,5048,3557,3082,4521,2321,3899,2920,5139,4326,4201,3184,3299,2098,4486,3479,1660,3902,4710,2911,2489,3114,5982,3885,4017,7574,2850,4468,6747,753,7013,2441,3166,3639,890,2303,3502,2654,3118,3017,2697,2967,5454,2682,3510,3252,3201,4033,4181,5090,2853,3189,5091,2310,5093,3411,4337,3338,2976,3407,2604,2952,5025,5869,8735,1583,3806,2593,3462,7283,3595,4481,3342,4303,2147,8131,4105,1636,3281,4059,2236,380,3036,3039,4990,4158,1929,4019,2813,2383,3354,5166,4934,3527,4644,6582,4463,5546,2991,3388,5379,4669,1842,5129,3046,4189,2699,2295,4864,3601,1762,8461,7048,5419,3178,11640,2288,8206,4067,2844,767,2188,3479,3358,2633,1917,3497,4670,3950,1740,3689,5248,6560,6311,2250,2250,5625,5792,3105,2012,4046,2546,3967,4914,5238,6178,1664,2959,4935,3249,6517,2805,4511,4636,2197,4353,1737,3770,4578,2543,4231,3171,3258,4502,4405,2389,4429,5137,5244,6899,5403
1481,2559,4259,5297,9456,4935,855,7407,8232,2969,9165,7976,2918,8207,3490,7167,3341,3875,5180,1113,7499,1278,6713,3405,2911,5225,1278,1482,2033,1567,4907,2252,3442,3398,5608,6745,4119,13515,2593,2903,3867,4320,5570,3654,3855,1640,3033,1902,1293,1754,6841,10520,6114,3112,3958,1688,5836,2669,1814,998,5162,4145,1669,4679,2582,6290,5592,3494,1112,1976,2628,9016,1189,4654,1806,1369,4006,12474,2648,7683,5338,3850,4034,1591,3196,3155,3454,2335,600,5986,4412,2773,2508,4984,2158,4067,7678,3406,3548,4185,1839,2641,1961,5281,2292,2719,5216,4977,5872,3288,3402,4266,4808,1805,5228,1847,1937,2446,3145,1305,1409,1419,3889,2652,678,1419,1571,4218,5530,914,2566,6971,11773,2920,1663,8089,11002,1912,3954,4531,4756,2487,3649,2907,4950,652,4471,6377,4712,2915,5437,1163,4802,3561,2423,4990,1305,6065,656,5009,3018,2139,4123,4603,4434,2336,2446,2001,1611,1882,3920,8222,14850,6423,2618,3983,6562,1413,8224,5154,3084,5175,1434,9015,2858,5631,3111,5155,10614,2924,4106,2505,4246,2156,3384,4722,8903,3660,1939,3707,1884,4349,3628,5865,14887,4207,1301,3886,2805,2657,4972,2592,2663,2406,1641,2915,4274,4741,2630,4922,1588,5090,10885,5266,949,4932,4310,1386,971,1404,4528,3832,7668,1399,1775,2317,8917,2622,7460,3238,3557,2908,1942,4239,4209,5536,420,4932,3436,8857,1677,2978,5281,4469,6615,2760
2626,3712,839,2754,2524,2210,5145,8265,3654,1450,3749,3935,17906,6478,5440,5347,2589,1912,3365,19392,2114,3920,3903,162,5968,1324,3158,1028,3631,9109,3291,1532,11657,1406,6000,2268,2697,4349,2431,3346,1727,4648,6477,2555,4593,10358,2209,5037,3692,1216,1336,690,5270,1713,4636,3688,8731,4484,2817,31788,4442,1644,1617,1260,3850,4412,2626,2274,12982,2257,12199,4800,717,1072,1560,1230,4684,3783,1835,3114,5845,4226,1572,7391,5604,232,3954,6204,8050,2376,4469,13158,2273,1557,8098,2875,4788,6505,767,2215,3796,7341,2859,1198,8078,2705,1667,1186,6490,1890,4005,1878,4201,1762,8013,7303,1272,7911,7833,1904,2679,3209,4934,5002,4327,3991,3578,13320,2788,5235,3494,3483,3218,1240,3115,5960,576,2738,921,5921,5258,466,4971,2660,6067,4051,670,2594,2601,6249,4297,5219,2990,789,25650,3741,15169,2403,2895,4580,1192,4646,4249,9823,1333,2847,1648,4403,919,1212,1642,12345,1733,5705,592,2664,1639,5994,5461,6439,1693,1190,2549,6137,1344,1366,2266,1480,4341,5174,4612,408,41,316,7593,4309,3589,4025,5619,2456,6173,1470,4953,5647,2791,597,2212,344,653,8831,3889,1110,5080,1905,3895,1729,10035,3369,4408,4479,2094,4397,1179,2072,2232,1636,5185,1589,3380,3840,4211,2696,232,7830,889,815,19432,604,1855,452,1882,2354,5093,2459,3505,180,1675,2961,5179,4811,1367,1733,3305,880,2793,2666
3800,3229,1875,4022,4585,2205,5810,3902,1247,3849,3748,2716,3352,9195,2027,4363,919,4864,863,5889,1620,19537,2824,7774,6054,11317,6146,23567,3442,2445,1793,4621,2129,2026,1545,4425,9273,2377,2948,3375,1549,7060,2623,1249,5426,2772,2570,4084,3706,7511,611,6615,8751,955,14300,24685,2255,6881,3351,3985,2967,7956,2950,5461,2944,4949,4134,4048,1760,3906,5765,3362,4971,4827,9807,7891,3592,3617,3979,1367,14648,3409,4908,1608,4965,3969,1535,3315,397,2998,2359,3690,2468,6127,3268,4965,2930,2840,3024,3568,891,1538,1827,2176,610,1754,5258,5988,3895,4576,7338,4367,2050,1923,4112,4849,2023,1852,2271,940,4494,3936,1230,8407,6489,2367,754,3111,1800,2391,7590,3739,8289,4845,4664,3482,1398,18380,690,7975,1130,1710,6456,1950,1261,3699,2849,1390,11051,1203,4981,945,3251,9222,2720,2167,2938,1273,226,5461,1636,800,4737,2691,729,2639,12532,2952,1078,3768,3616,815,3798,1321,8401,5579,2507,7915,7826,2222,6706,2957,2811,1200,3781,301,3686,2243,977,1076,4459,10681,3931,2800,639,2850,2982,2254,2147,3062,3671,5910,1963,7419,4445,3251,11144,3165,3618,8154,942,7934,4102,1934,4260,3892,1136,228,2576,5986,3780,726,6834,570,428,5708,4828,3657,636,2606,6926,4631,320,1995,60,3181,902,4986,1987,4160,3620,1242,2633,1195,323,750,3069,1534,2122,4003,871,4192,5517,4736,18516,5024
2731,4947,3177,4535,4805,2027,859,3602,9627,1374,2111,2681,1560,1494,4570,1847,4066,777,2738,4128,3251,1571,23186,970,8445,4796,3466,3974,3324,3992,9606,13925,8305,943,6015,6578,3274,10594,2910,1677,2183,1255,3207,1695,2455,1559,817,703,3756,4152,1416,4181,910,2165,2278,2554,2752,3167,2879,14092,10393,18516,3462,3083,519,383,958,11011,2649,2940,1582,6301,7588,3164,5553,1122,812,3194,1657,1794,10478,6771,20250,2163,23843,3183,3491,674,1716,1700,12821,5927,4344,2219,3671,1381,16489,977,4181,4394,2143,7076,1587,3920,3002,2281,553,929,1568,3416,1296,718,916,942,1177,3673,4509,4923,1807,5836,6498,5695,7649,2844,7604,1992,1372,3164,4069,2697,3528,1514,2138,9044,12222,2171,4069,6006,10911,4206,2833,1031,4835,13539,3592,2774,1864,2332,920,3466,1298,1548,6174,1928,3680,32965,7838,2365,3043,3674,2900,662,1131,6781,4064,1363,1163,2504,2230,2170,3058,6825,5060,1725,2072,2249,2861,1033,3688,3698,4104,5451,5218,4670,3321,5144,8389,4507,3248,1193,5318,4869,5009,2610,1737,212,248,2332,2888,3439,6147,3519,1714,1047,3735,3742,4495,8385,4572,3198,3123,1521,2685,2491,1348,312,9340,2493,3002,1081,5835,955,6926,3879,3350,1048,1863,389,2747,292,1857,1755,2849,2175,1204,6971,2334,3968,2694,3431,3010,1916,1894,6836,5752,2354,5398,4829,6009,4675,5809,4665,5772,3440,2167,1642
3192,3681,226,6641,2240,8342,3142,6711,563,3033,2079,10269,2504,2008,2397,831,393,6922,3203,3032,1277,3567,1594,3796,5378,50395,8387,10895,3732,4409,5457,684,2005,15711,3887,4372,8531,779,3958,2641,3429,4523,4712,54,3279,3350,4862,6228,751,1481,2793,1297,2295,44375,886,7065,1063,2500,4521,4797,2429,3923,7247,5765,3461,401,1629,3682,345,1472,7811,1263,2089,6960,1086,6969,17472,1807,4831,4312,1745,8444,1932,2317,9715,590,926,4855,1329,2602,3704,1019,5445,2949,15481,2149,17192,1470,1931,330,1814,7050,2360,3575,4016,960,6172,3492,4887,1630,8308,3427,3128,1079,3836,3057,1857,2471,2217,1027,890,1184,1882,1358,1227,3208,5473,1477,2674,2216,1270,4662,1980,2356,4686,3419,1438,679,3184,1689,3463,10703,2469,11517,8908,4265,1061,2998,3534,5039,5271,3824,766,3493,2447,1415,1357,3989,23766,6217,3200,3607,4417,5223,4716,5474,935,1760,2583,1670,1632,2062,3002,6527,1249,10805,718,126,2783,1147,2849,4572,2906,869,5396,4428,1595,767,1456,4140,10672,1537,4188,7886,4528,1289,636,1657,1834,8276,3246,2288,479,2071,1089,1430,6722,2823,4058,6385,7918,3070,2343,3073,7186,2878,7790,2121,4673,1301,3743,955,1692,12621,1063,1908,1048,3312,1358,1027,21570,1717,2706,1188,1129,889,3744,10780,3259,3255,1196,3278,4835,6560,2475,889,1026,4282,115,5373,439,6470,1214,958,821,159
9573,219,3526,6272,2967,2996,2224,4883,3585,4387,3398,475,4797,1112,6893,618,3915,1361,4219,4662,8428,1206,1093,838,4191,5091,218,2690,3121,117,2245,868,1919,1588,5090,3087,4466,1517,2247,1635,5341,418,33526,3202,9308,2456,214,891,4536,3232,4065,4737,1724,17990,2098,2765,2368,24074,5118,1803,887,2421,11074,3149,7143,1159,1042,3974,2352,25008,2271,5391,3756,5183,1166,1464,2976,1391,3298,470,7643,6854,1209,9209,3817,1616,1028,1034,3127,691,230,422,6816,1597,3307,6017,314,3011,817,1410,16646,2881,813,404,3974,6303,492,2501,28099,1021,3490,5065,1387,3289,1282,774,2576,3407,6825,4422,6412,1441,7347,884,622,1194,5296,492,109,679,9105,1204,12214,63,2841,7802,3155,136,4261,3921,2812,1709,2597,1916,143,7140,658,368,3029,282,774,4147,4006,2057,3567,1629,2437,3684,3194,1643,1261,91,1979,2952,5616,3758,36,1663,19869,2407,3416,3415,1831,5382,2057,2797,6973,1923,23993,3584,8202,1633,23403,532,4547,6661,1534,4692,4163,4395,2233,4478,3857,4535,2797,3970,2906,2203,4141,2208,439,19770,1158,365,1152,2151,3564,1206,5773,650,93,1345,3505,1181,381,3026,2619,715,2477,14729,2006,5507,263,2172,2202,1314,1870,13993,4038,4384,3955,5944,3931,2095,3185,4451,1332,2351,2634,15800,4019,9491,1761,8194,3065,2235,12030,6709,4947,17302,982,51,2853,6477,1224,4009
3940,6517,770,3646,4715,1020,4272,3213,4355,7733,2109,2885,878,484,1583,272,9027,974,5509,1008,4224,3086,18520,3658,2627,31169,422,1001,386,5040,730,8159,2830,2011,999,2386,3431,1184,11939,2027,4004,11415,6608,567,3965,815,256,17630,79,18145,5239,1216,1359,3848,458,762,41925,1119,1990,2017,4095,235,613,2423,1112,4090,4887,9660,1616,825,251,2896,1402,4459,2981,2831,1960,1182,27521,449,5008,872,1756,768,3712,1471,2976,4932,2242,31413,6943,11543,3206,2449,1152,362,7690,1376,5179,6945,4248,650,3300,5833,1558,1296,3249,7933,2809,856,328,1536,4623,935,2951,2701,3089,131,3531,5578,8157,7196,2030,5346,342,2067,2501,1609,1675,4119,1741,2403,1390,5823,2476,1194,2734,317,3394,2438,912,1450,5171,2376,2078,5147,1040,557,25091,13154,2640,897,2178,6654,7144,3393,1152,6681,4211,5509,8251,28,3277,2332,1694,658,3434,1002,2321,1166,1615,2290,2266,225,4143,12877,4072,2102,3190,1752,1420,2341,3156,1583,4768,3263,5027,6238,1929,1143,3471,456,4340,1342,696,31003,6074,1371,7011,5723,1723,16205,4844,4594,2964,4559,2539,15174,1173,7579,2534,2787,1626,1126,3979,1485,1339,2936,1092,1003,2370,9927,5419,461,2798,1577,2671,17210,5845,841,3468,3440,3822,5180,1509,1190,2711,404,5319,5597,1599,1579,486,8095,454,489,1737,2256,1204,1503,522,5037,987,884,7423,1650
1390,3735,8985,258,1858,2857,2981,2250,1512,1349,3135,4338,2251,2938,17081,5271,1549,662,3604,4657,728,2660,2860,2849,742,320,22527,9275,3377,1205,944,4442,6492,4805,7839,3677,5837,28225,1718,1050,2754,3677,5747,4099,453,1320,16100,14654,2026,1204,4398,3549,5175,9194,1353,23213,920,1168,798,1925,2231,2116,2547,6371,904,723,336,5437,581,2737,4205,8522,2506,2967,1036,2286,925,3738,23872,1153,1054,995,4265,3582,7893,1689,569,1315,1412,5354,4148,2900,3399,3791,3944,24765,1631,865,776,7786,2092,4493,5335,2967,5343,7932,263,4223,848,3270,2849,4213,4762,3470,8681,1780,1043,37,4401,3412,3361,1112,1838,3495,638,1072,2015,5103,4679,10139,799,109,2604,4264,5170,16827,7676,915,5136,2332,1945,7306,1316,7458,5527,1413,997,3831,6307,4868,738,2116,31,918,1260,339,3093,448,2081,266,712,1434,6043,473,2452,9009,1598,3530,2918,1117,2162,130,556,1653,846,4537,4208,3531,2091,5807,8214,1538,1039,6802,5002,3887,2457,5720,2183,10232,2478,1441,2640,1038,5111,9514,5137,12703,7387,2598,5964,914,1091,5752,1941,3278,3997,1391,1605,3010,3004,4834,870,170,6311,1398,21515,6237,1857,5067,3513,1679,10279,2708,6615,6024,587,4147,2697,3282,1219,3041,6410,46488,1854,712,2886,829,3933,2521,3089,6534,2154,5141,3989,1704,4281,490,1607,5415,2132,1498,2043,851,1714,694
1540,2617,2375,6858,1154,988,6211,829,9374,1826,4124,3084,21274,3035,3714,4439,2243,2448,6757,55,17456,3481,268,9205,6389,1023,3782,65,5261,11083,1163,3924,887,1395,1225,5539,3567,976,2034,6992,1741,4482,5353,2572,2341,1322,2913,3368,4664,1594,4346,690,2981,2778,1821,4523,2096,5681,2674,3369,3189,2833,2025,929,7960,5756,1644,5367,3064,1514,894,4439,928,4623,4856,985,2151,3963,2752,6026,3664,6868,1208,753,5111,1084,7057,34640,2159,2568,4462,4709,320,556,1614,3410,4657,4071,4392,2792,2495,1547,4194,4643,16058,1148,1043,5471,1638,8763,2254,9500,1245,2432,4363,3827,2662,6628,9155,3918,799,1328,5012,2002,5378,2633,4227,4585,2556,2387,378,1588,3988,8284,3235,184,2616,3977,2180,3707,3759,3102,5767,1330,1994,1575,1785,5420,6365,1619,7690,4921,4730,8093,4388,2112,2488,132,3070,767,5373,2907,14536,1752,3583,1999,7673,2990,3581,3291,5257,4264,3297,3784,4647,3539,3685,1152,1079,3281,2623,2344,709,1433,5933,4549,26727,1228,981,5640,2105,6477,4520,10822,4001,5533,1869,1349,6647,905,12596,1278,2313,1175,4919,444,5228,3392,1334,2090,1987,9010,1193,2545,8802,739,1889,1983,1093,2619,4237,24762,3246,986,2271,1142,1153,5573,4136,2323,3016,3183,1031,2223,8653,6328,4131,1466,3272,1211,1091,3635,3621,1749,10880,5164,3699,6716,1239,409,5735,3387,20335,3078,9711,6553
4047,7565,2597,416,4144,1582,5114,3071,2281,2348,2509,1946,2981,5871,5564,3257,4509,3303,3325,3486,6870,1863,9458,2773,1861,7181,716,4991,414,8124,1561,3810,1007,12582,4324,4070,6094,2574,5380,4012,1680,2623,5255,2849,2523,2808,5554,2778,5437,2086,4352,6359,2120,5476,1490,7713,3649,8068,7109,4613,1221,14092,2193,7105,5630,1678,4350,2935,3336,6289,2305,2328,12633,3834,1169,1137,2562,1938,3548,1653,3580,4968,4421,2668,5128,5408,2713,1796,4210,3739,1219,3269,4407,2799,6017,412,826,1021,4646,4732,3714,2864,7107,3164,3356,7252,4151,7777,6196,3703,5318,6625,6721,6723,3235,4754,2990,8313,1219,1721,1053,1323,769,2741,3818,1203,1090,3973,425,4230,2609,4333,8243,8361,3200,5499,2501,9601,275,3934,4192,12920,2821,2713,4442,2272,2449,2007,3623,2481,1065,1149,1112,7412,5065,10709,5588,1451,13493,1191,11955,5584,2656,519,2458,2173,1907,4166,3437,4089,4364,4854,9583,7861,3852,10383,3157,2887,1815,2383,3543,3146,4403,5592,500,1247,3842,3728,1516,6330,742,4647,3962,3252,2899,1873,7553,2892,6086,4943,9617,8373,5343,2854,3427,3888,4506,2740,1528,2063,1702,6427,6812,2957,3686,3254,14232,1823,2221,2188,2644,6053,4065,4345,324,31,2853,6312,6142,4824,2672,4695,3704,5459,2680,1603,6556,5223,3525,3467,3153,6408,3905,2611,2796,1945,907,1486,3548,1305,2012,4000,6566,6887,4124,5609
6313,1612,8251,5405,3682,2988,3318,675,3269,2232,2465,4056,450,1367,762,981,7339,1423,3468,4290,3939,3760,4736,10687,4215,7808,3633,3491,3850,5462,1866,4764,5292,2383,5086,6971,3290,7397,2959,2082,2454,3904,3171,3810,4131,5732,3024,1759,3590,3404,3309,4527,3333,4420,3308,2825,4544,314,2453,681,2692,2393,4785,3083,6921,2607,6046,3094,8573,4972,10747,349,5292,4965,2682,926,739,3045,3733,1059,3520,3939,2639,3220,1466,3878,8025,6446,1918,1341,2524,863,1422,6340,4898,2651,4139,937,2772,6307,9000,2908,13944,8841,2815,1141,4838,1046,11131,3474,3731,5215,4805,5704,431,5885,2730,3513,4082,2376,3453,807,9062,4913,6526,3423,3269,3898,1924,106,3854,2598,4076,3395,673,1710,3035,3532,5055,3114,1977,5041,4012,8120,4751,6407,4313,2400,4205,1809,4337,2648,4818,5459,4400,2059,2210,6067,7198,2226,8292,11501,20520,3225,4905,1774,6803,2469,3837,3810,2529,4392,5653,4226,4412,4380,2320,2457,5239,2422,5593,2750,3747,4792,2821,4931,1864,6274,6379,2623,3311,4320,7400,831,2123,4004,3288,2381,9883,3836,3647,6616,3362,3636,1894,8474,4062,1338,3520,11179,5450,4009,4110,3219,3068,3199,2681,7465,4979,5852,8962,919,399,988,3289,3703,329,3106,3981,3192,3957,10394,3446,6284,1861,4320,3789,3285,3435,4769,4367,5027,3084,4847,3850,2892,1271,1340,1739,4460,338,786,5134,1233,9381,9754
4064,4472,2483,4429,7312,4544,1844,2877,1977,3906,4145,3300,909,2454,4133,2956,2705,3453,2942,3050,490,3895,8975,5000,3588,1471,5182,8508,3933,6823,2285,1082,2693,8678,1575,7253,5482,1313,3251,6816,5677,3631,5827,1183,2492,4129,712,3390,1259,4769,3592,3788,14123,5564,2880,2582,4371,1259,3881,4026,2613,3312,291,2622,3346,3912,2914,4330,1437,2589,6928,6849,1783,4110,5081,3369,4047,967,3364,3908,3518,6687,4819,2670,3024,4388,3493,3715,7518,4233,3768,1424,3789,4167,2974,2194,7901,5001,2009,6098,2840,2462,6117,4636,3360,7148,21430,4799,4373,2947,4646,3260,2510,6995,5336,862,2593,2092,1191,211,2890,4153,2243,3645,3152,8283,2974,7768,2491,3758,8352,3903,3465,2956,2919,2967,10335,3219,4399,3995,3870,6381,9563,6352,3468,2539,3138,2033,1802,4775,13063,8080,1013,1345,4891,4330,4573,2269,13083,2883,3084,5124,2960,1899,5130,7599,4978,4800,5630,986,3734,400,2138,2859,3053,13648,3127,1382,2348,753,3019,5914,1350,3763,5041,2797,6396,6029,5447,3882,2473,1746,1305,1970,8278,858,391,2158,3089,3547,7708,3453,2633,4483,4041,3741,3183,2500,1698,5677,1245,1729,4220,6138,2048,2883,2502,2675,10667,5086,1320,12153,2286,1677,3876,2640,6928,5021,3183,7526,450,2283,5283,6684,1599,4432,2335,1155,6106,5791,2635,1207,3541,2084,6027,652,1687,4921,2553,3674,8921,5223,12586,2202,3450,3979
4193,5675,7544,3204,3865,1412,4982,302,4476,2360,4541,2344,19568,2409,3750,2789,2740,5020,7680,1295,5177,4621,3670,4757,1091,3067,1684,4530,3366,1653,5645,1922,4914,5303,1934,8482,4464,4146,2995,2281,3396,3078,1946,790,12297,23196,8053,5249,2663,2405,5303,1868,5587,2358,1524,4719,3548,3511,3210,2858,3355,3109,5160,1231,2940,5831,9073,4749,2322,10879,4521,2766,3022,1331,2209,1929,2311,3336,3552,5321,4972,2370,3119,2613,3652,2527,4149,7009,15955,2357,1227,6611,1806,3301,8896,2513,859,4967,1239,4547,1862,6472,2164,2016,4462,3226,3104,9560,7182,4475,2173,1230,3319,4225,2674,3551,4870,3368,3158,1180,3164,9409,1430,1204,4233,5418,6683,3549,2404,2051,2355,3122,4494,2313,5230,3740,2309,7803,5581,3765,4618,2287,1079,1348,9305,2543,2321,3674,1521,3087,2015,2923,5541,1307,2964,1320,6402,9224,2479,3977,2909,1829,45683,3906,1160,15917,2925,11974,3217,2416,3884,851,3077,2382,5223,3704,1029,4751,1695,3298,2122,1572,4170,2347,4351,4132,3505,3762,884,1127,2293,671,3879,4459,3509,3590,2279,1003,1776,2275,4097,3857,2046,3141,2318,1877,2860,6713,4310,3951,427,3434,2182,3531,1744,5347,4183,1557,5243,3367,8068,2426,3502,4253,4460,4924,1362,3588,5579,1997,5376,3078,772,9414,1876,4424,2338,2717,4732,3047,4368,5784,3292,2079,1797,3044,780,4007,3519,5386,3467,6319,2851,3699,4001,9580
2941,4561,2317,5039,7573,2223,12154,2662,2193,1704,3666,2838,8372,738,3384,2842,11450,1280,896,1021,1702,2892,3683,1806,4252,4596,1634,4302,4119,593,3807,2862,5017,6579,13653,7647,1668,3800,11368,6561,2343,4911,4991,1866,1396,8929,1911,9881,1928,8650,4491,14972,484,4054,1999,3386,2369,1868,3401,2375,4118,2596,1874,8360,3778,11652,5762,9342,1391,4144,3783,6721,3317,775,2746,1889,1777,4613,3934,2194,1995,1945,3683,2834,6931,2694,1679,14223,1488,2433,2727,2274,957,5191,4067,4229,5209,5091,2777,4771,9155,3063,1832,4933,3207,1541,4403,4536,4815,3720,1169,3024,3324,2291,1920,2987,3256,1792,1960,4056,3859,2640,1233,2679,5152,3020,2812,3831,2068,6746,3903,5558,1868,1422,1791,2117,1269,4372,2489,6571,2030,2781,3458,2098,3971,2672,556,3887,5196,1895,6616,2765,1876,166,5309,2459,5497,4063,3231,3272,1010,9902,8428,7531,2096,5735,11080,5687,955,5821,4328,1576,5390,4458,3029,5504,5886,4527,1954,6612,2846,10949,5423,5880,33637,4098,5412,2280,10014,4047,5249,5958,2425,2648,9842,673,3968,1704,3254,1408,1840,2319,276,3651,5761,5021,8599,987,2294,4648,2579,6800,6922,4067,5244,4291,1216,2854,2838,2246,4182,4626,2884,680,633,4781,1443,6729,743,1430,2088,3243,1273,1925,3178,1271,1608,2713,2358,1923,4022,1396,8542,5668,2806,2024,2543,4406,6936,3413,7181,7258,596,2983,3899,7329
9919,5343,5181,972,4041,3990,6128,4438,4979,2437,2838,5008,640,4364,3091,4831,1699,1986,2290,1338,7512,7236,4869,5924,2149,6713,4252,2403,3799,1665,1172,4343,4558,658,16717,2296,2809,5610,2889,3273,12335,5624,3163,1113,3069,7724,2460,2143,13207,1465,3688,2924,1059,2537,5102,6942,2026,1558,4084,3527,3270,3253,4963,931,7377,3493,2299,96,5771,2587,2789,2371,2076,5125,4992,8273,2381,702,5995,3268,3041,11462,6198,4404,4960,503,4090,12404,257,3125,3208,5328,4053,3568,5891,4660,1897,6195,1858,4082,4205,7215,7590,12840,3322,2184,3562,3388,719,4382,4078,5250,6744,3418,4754,4335,10990,2030,2282,3639,5468,1480,2944,2408,974,261,5627,1933,6124,3298,6049,1056,8051,4221,1630,1672,1834,1817,3378,2060,3070,269,16715,1207,2342,4120,3743,1822,2913,1388,3912,6748,2441,5419,1293,2819,1860,4982,3894,2692,3284,1263,4047,3602,8238,519,5707,3325,7163,3845,1092,759,1937,4206,4347,1728,4628,8765,1907,5820,777,1437,2343,4170,2112,4300,696,5520,6476,3609,1334,4262,3646,36849,5321,14859,1859,3818,4756,2202,1756,4063,4684,5443,2363,1505,3914,932,7758,5452,2873,4403,6074,5716,3350,3020,3885,3306,2044,6417,3164,839,2570,11257,1437,5996,4110,4006,5090,2686,2314,8274,5949,5518,2727,3497,3040,2749,1584,2773,921,4022,4377,5085,3602,3469,234,5142,3963,732,2629,1800,39,531,4153,1204
4997,6157,960,1635,3320,3998,2182,704,1638,555,4115,4505,8962,5483,5214,3721,12707,12871,1311,4032,1710,3845,16038,759,4555,3408,1113,2989,3004,2587,2858,1504,6522,5678,2552,1557,9570,3717,7684,3965,1018,3211,4339,4915,1885,10706,4659,3964,4186,3907,2115,5493,916,5988,2486,834,4121,2038,2119,2367,24591,3648,4884,3542,14678,5836,10057,7319,12069,1351,2025,5386,1416,3313,7643,6982,4065,2441,6287,3546,6743,2607,3047,16456,3548,1391,3035,828,2268,2553,77,3544,2216,3149,4646,2372,3823,5526,4530,6894,1451,5681,1049,8362,3382,2989,3276,5149,1679,3438,3940,2836,4027,2913,2846,4660,2877,3690,3452,2892,721,3855,2589,775,5504,2288,2929,6020,2184,1158,3025,4252,1653,720,4451,3865,19336,2750,3836,4051,14288,4956,1444,304,1965,983,4227,2416,7541,2144,11419,6167,1383,1459,6456,3239,5472,3857,2540,3631,7224,4944,2042,2210,6673,2121,4011,1164,3326,952,1748,1970,8223,113,3532,8361,2402,396,865,560,5587,10371,145,2626,3040,5952,4278,382,3111,3417,663,3882,4767,2228,5744,922,2790,9231,1121,1724,6137,4535,4038,1612,5072,10030,6582,1696,4183,4146,6495,5492,4434,2555,2316,3948,2041,5057,1266,4691,1702,1920,5364,2637,8550,1687,2175,3802,2311,3600,335,2759,2710,4388,465,2184,828,404,3838,4573,5290,1276,10868,3375,4885,2945,3705,2658,3513,2654,7410,8970,4942,3950,1110,1486
3312,415,1689,10787,3220,5256,2511,20693,3188,1377,6006,2558,2991,5207,12094,4803,889,2420,9677,702,1714,2422,2396,3030,3077,1284,597,2111,1434,6838,5917,4842,15234,2427,1118,808,3438,304,3112,6310,789,1363,2920,3744,3318,2067,4753,2487,1017,325,736,2732,3042,2088,1351,1504,12026,3789,7357,13270,2211,1193,996,4160,6844,5844,2325,5382,918,1364,1910,1182,2112,4228,2689,1985,1513,6731,570,114,15253,4417,1635,13363,2321,4802,1866,3624,3155,2808,2845,5915,3581,2795,2827,4118,4348,6179,1756,926,5664,411,2397,533,4991,4214,3146,4086,3691,1423,2167,5825,1442,4115,2386,1587,8300,11327,3025,4451,2529,2531,7943,1971,2013,2301,5738,1483,5156,708,5181,30705,8873,4028,3312,1297,8590,1101,6186,6491,3866,1172,1734,6433,1738,3326,2715,6483,6686,6913,5390,1789,1090,2957,4315,5932,950,2044,3223,4646,1678,2687,7980,1894,5824,3916,1441,4397,1428,8555,1733,7193,3571,4570,1054,2141,3329,1641,2849,4000,14626,4868,6846,1432,831,1118,397,2559,5040,579,6720,4462,274,2604,912,4024,1898,1336,6671,2066,3432,2171,3587,3647,3396,6260,1504,6790,1329,1736,3149,5202,1305,1488,1265,2540,4626,3784,5417,2905,12583,3532,7060,9170,858,2884,432,2571,26778,6029,3843,6667,2955,8481,514,8042,952,1854,907,7740,5078,1577,260,4114,3969,5831,7968,1871,3406,1392,1145,6937,9230,3337,3447,16634
1275,7366,2070,5068,703,2858,2487,6979,2092,3786,3030,5180,2869,5473,2564,2442,3430,9743,1738,3221,7355,3568,1780,1355,6713,5325,5744,5618,3363,1252,840,2102,2940,5126,6824,2721,5732,626,3750,3847,2153,1431,2725,2472,2428,5078,2292,4351,6998,1763,1022,1150,1456,1894,2440,4882,3228,3428,2763,5079,5467,4010,12246,1847,2447,2451,3319,930,352,5822,3233,2659,2118,10602,14385,1003,5339,4224,1251,487,1441,2173,10231,4117,2987,3410,1976,120,673,4737,4599,2044,8124,935,1124,1489,5171,3410,8541,1733,2064,6238,4396,1202,6060,1223,4368,1715,2900,1195,12262,3889,3767,4230,1539,1360,7051,6103,403,1264,1315,8022,1968,3788,655,6391,5442,8982,1380,3500,806,17164,5058,6594,2737,4347,10188,17200,3012,618,1850,199,2055,1916,8863,2134,4835,2289,6574,7165,7692,3439,4848,2231,2141,4214,4130,5962,466,8877,4045,7040,311,1312,860,6780,5216,512,6814,956,7822,3335,564,1516,5760,2391,3092,7690,5457,3426,1055,2197,3605,1496,7187,3361,3970,2476,4443,7816,1464,4321,5601,2277,2571,8625,4103,537,13473,4917,8894,841,3959,730,3689,1209,10151,444,2086,75,1734,4785,1622,4690,3913,6845,4505,9081,375,6257,6512,4285,2916,2549,28440,2554,523,5926,12094,232,3468,2383,4745,3425,3958,1755,6781,4261,1463,1457,9983,7591,1768,3042,1162,2146,3563,4839,5795,669,2859,5145,2806,9660,5474,5137
4016,16957,8697,268,1917,6643,5731,7406,29832,1225,3522,437,2628,7886,929,289,422,849,542,5741,10594,3616,390,7554,9270,6550,1975,2280,6533,1529,19,7318,190,1646,102,2746,2885,5117,363,1371,8707,1337,2594,158,2679,3758,7627,920,2777,2928,977,785,3078,4137,2174,906,5600,928,17333,4569,5985,7351,3577,1489,2980,5227,4159,1190,5260,5965,5543,3412,7113,11342,564,7615,1342,5701,612,1044,212,8184,6265,1485,5090,6915,987,1725,3846,2286,1963,7875,2987,2997,2291,1335,493,6547,4107,1261,1643,1463,2005,4798,11332,2304,1734,3899,682,3845,228,9548,21070,123,1692,1899,4205,540,913,4752,345,2714,4949,1696,306,5109,1165,9350,7781,2199,27853,904,871,2771,3771,2900,3285,1432,1577,1158,2370,1167,2625,1176,3404,4739,2710,3875,1609,2444,13868,5370,1379,5115,2530,334,478,5712,7252,2411,1634,2621,2140,873,7289,891,570,2563,9069,2598,1543,17494,4279,1973,595,1248,2280,8015,605,628,4047,8754,3510,1930,3256,8846,4177,1013,3712,1608,1096,1866,1339,4688,2320,1015,1579,863,181,6409,5277,16,2992,737,8742,3414,2959,3081,651,1836,1440,1109,3977,11743,2811,1236,1966,4749,5580,6685,4141,11237,2900,2938,11806,2300,2156,1011,11069,1141,3833,3638,5299,12011,1822,16407,3830,4713,922,2712,4977,9319,2666,2516,1200,1530,2566,3245,662,13967,41,9840,11690,7164,8215,7876
1908,3047,4391,2675,2502,445,2244,395,3763,2929,827,5058,3197,2661,7166,3710,3164,2328,5278,4013,16230,205,8164,2127,3018,3813,2721,1816,18169,4171,844,2946,3503,2870,2941,3350,2199,6859,3054,1144,1161,1712,6533,731,3202,2553,1484,4999,6725,1792,4498,2351,14199,5549,14386,3474,2738,2058,9361,7117,1370,2529,13887,3611,11183,2066,7980,3049,5308,4169,1554,3576,3092,2311,6733,1672,3662,2069,4379,6011,370,4469,2247,3170,2019,10252,359,4703,10702,1341,3324,7698,2834,489,3676,2673,472,3087,3758,9078,4716,4135,1860,3722,7790,13517,920,301,3320,727,7998,4807,1057,249,793,4616,12755,2333,3153,1236,4062,2707,943,6215,646,1540,6825,10323,5720,2358,4122,2188,4391,9874,2376,3304,1810,708,1840,813,2407,1711,5380,458,7356,21107,185,944,3904,17704,2694,2949,8162,3203,872,37,1964,11188,965,749,26,4211,1055,1518,3090,5226,244,7534,768,2342,3457,2392,4416,1904,2313,1562,1043,5777,5735,2353,5265,3583,681,874,2924,475,2096,1748,3048,6289,1742,422,8299,4633,8005,4412,5725,1247,3652,6099,7726,3831,2553,3532,7217,239,842,2818,459,2147,5170,2602,4845,2991,3013,301,4922,4538,9139,532,12340,28661,1336,22120,1918,906,4086,3350,1479,715,1780,363,3884,3685,7127,1062,259,580,664,1711,2626,6431,12517,1933,3110,4396,7399,2869,1501,2267,5714,395,8489,3154,8532,6066
4175,2829,3787,7067,1042,2290,1486,475,6549,2974,2288,1279,5290,931,6335,5119,17325,7449,8852,2073,9659,3352,4316,2665,12393,1371,9709,9978,9531,5238,632,3833,3593,1900,2910,3019,647,1150,445,4794,12863,6492,1564,5279,8856,3643,1308,1061,7733,4091,1644,1349,204,2484,3548,9439,6658,5142,2580,1275,2080,360,661,2831,9093,3599,2351,756,1596,6918,7472,2222,7529,3183,6204,3302,7780,12195,962,3276,3289,760,5134,4659,1482,2541,2887,6541,5204,1465,474,5120,9154,2759,4646,1315,3558,3247,10068,702,4260,101,3287,6533,7805,2798,1444,5044,2381,2181,3718,8536,2041,17638,28618,2711,1774,4720,534,6100,8776,1847,1510,3403,3439,2263,11664,1267,1793,4136,11573,5546,3449,2888,7145,1856,2170,5705,1033,607,3173,1059,1356,6456,91,4892,5232,4138,1030,2745,2239,2938,8126,410,1993,3082,9173,167,4756,2650,2581,341,3791,1965,4677,4373,2205,5115,2372,6233,1156,1971,7771,1752,5410,3647,3388,3015,5636,3705,4339,4023,15830,1883,3986,1363,1408,2782,702,2447,2508,1668,6079,5327,3011,3279,3152,3494,3202,5725,4314,2002,637,11760,934,7510,1001,6407,2681,436,5762,7530,565,801,2770,2858,865,809,1099,6044,1148,2124,3152,1442,4775,4713,375,4987,7388,5729,1318,4223,2200,30,3277,5418,2235,4083,3523,11523,2975,2487,2125,1742,9296,2222,3406,3464,3488,1706,6827,1763,14,7428,10826,269
2050,3248,3896,1464,3375,1516,1424,2345,5985,3177,7245,5483,5072,5083,1918,1253,5874,10137,360,15021,3073,4511,8399,4542,3696,3468,4784,607,6473,1381,2839,4315,11399,2716,24591,1689,3133,3712,408,9088,2809,1629,637,3181,1371,4464,4266,6809,6691,2588,3660,93,4135,553,6071,3437,2138,6914,839,622,3683,1220,4312,1370,4881,3323,4869,3494,1224,3330,11953,8049,3918,1955,3575,3393,56,460,2881,2032,3292,2153,1826,24323,5353,1274,11762,1683,2257,1891,2685,5029,2494,5979,2615,4785,3721,5842,934,1886,14255,1622,1595,1998,3127,3594,3233,1381,4769,3884,5240,2491,2822,6798,2139,584,6972,3367,479,8335,1141,4928,9006,704,2035,3102,1996,4839,1986,9745,12072,11127,2724,1429,1567,3408,2941,3312,986,2326,3089,2705,1449,2918,2328,620,881,3159,1251,841,7277,3272,2757,2510,5176,3276,12929,1758,13969,1764,3324,1698,509,10797,468,4548,1035,2115,4396,303,4723,1205,1573,5505,8809,7333,1258,4384,4126,4309,4193,11187,5120,1589,5245,8684,2350,9136,6773,15089,6894,1535,1330,6509,407,5755,1009,1806,1757,2301,6132,1198,1397,2662,585,706,2418,9672,6893,3153,6421,1106,3393,5710,2590,2126,2376,8789,6303,7935,1363,20945,2388,6594,4754,4445,1128,3292,2392,5760,2738,953,1522,849,5574,1741,3401,6072,360,1891,5942,11312,42,4996,1149,1522,6043,4394,6656,1261,4211,1702,2924,1737,1018,6
639,8698,812,32470,2159,1811,4196,4364,4439,3969,5320,1005,1966,4053,720,992,4362,14227,2256,860,1313,1682,1174,17342,141,5607,5445,5403,1795,2482,1288,62,1051,6594,1754,3739,12727,5358,2446,615,1743,3086,6448,700,3325,8310,7616,4233,1689,5285,3343,6264,14877,5658,2456,4322,219,2265,2059,1006,681,5623,7412,4802,2380,657,1430,1724,4940,2693,5063,4927,15102,4869,2445,1057,1321,1495,142,3972,3534,711,3197,991,7792,633,1167,1350,918,641,4771,793,6571,2943,3345,4682,1610,2411,7029,747,2542,3593,3959,826,18438,1481,2240,3031,1316,1261,3092,1834,4859,8826,2643,2227,307,3250,6912,5233,4300,2233,422,6071,5402,6402,2229,6580,2196,2303,2184,2260,11401,2486,3102,5478,3121,1643,5615,4601,2186,3785,10533,3151,2192,2692,11562,3345,10936,5738,744,1202,2097,4701,3966,5440,3116,6298,4068,18149,7759,1957,725,5530,8616,5257,2566,3981,3121,1809,9798,2307,10441,484,3997,4737,1364,4132,8069,816,1943,813,2357,888,2964,3459,4926,4007,1186,4535,1653,289,2985,2246,5116,5610,3117,3194,6138,4479,4267,2341,1193,16945,3804,1961,2243,1917,5834,6320,2901,12434,3430,4030,4350,3421,2388,3766,670,714,3181,2339,5478,6963,9589,6160,2469,581,4349,22779,1711,201,5640,3076,4019,3229,98,2987,3758,1727,8631,1699,3284,3434,2054,2316,523,3339,2170,4186,2714,5974,3964,4670,277,6656
2987,5395,3515,453,6879,1541,2109,676,2075,2223,2610,14733,12330,730,3335,561,5623,8584,4657,1130,1331,597,516,1252,3224,1256,1303,3511,18858,2437,1540,1219,1340,6809,1827,2433,314,908,839,4988,6747,11566,1719,2870,4068,2108,2143,3246,1353,2285,3445,1583,8920,2335,2053,8918,3838,1096,3161,4272,1681,5415,6777,6926,3021,4509,23787,188,1440,1707,812,3785,1648,1020,875,6077,13040,2488,3154,2690,1192,1186,2092,1600,13512,1037,6078,447,1829,4116,2017,16828,4108,1545,5824,11602,7717,3123,2041,1452,15276,3716,2330,10288,2906,6230,8737,2209,2324,5836,2245,4105,4274,3158,3788,8515,4752,24649,2752,1347,6781,4157,9932,10501,1609,3156,514,3643,1146,652,6164,1608,1713,5155,8659,7803,4428,3978,9349,981,255,362,4036,2754,6370,4383,9005,235,1440,703,2284,1053,5463,3584,4855,2790,1783,1354,1673,10378,2483,4567,1512,1573,6033,477,792,6126,2849,4900,1688,5371,6208,3235,1598,2851,1063,4084,3175,461,2382,5041,8450,14155,1690,5569,7456,6380,3456,7829,14291,1771,3651,2612,219,1946,1446,1585,1065,2443,2915,11868,3099,5557,7852,4099,3259,2068,3503,7496,5840,2842,979,981,2165,2042,1621,1919,2619,1796,4603,6790,2599,5564,1860,4391,3226,4692,1698,4376,520,1742,3002,3210,1009,1782,4933,3193,462,2052,4949,4451,6945,6599,1079,4839,10687,4020,4159,6184,271,3536,4855,650,3687,4632
1390,2262,3955,4628,5035,4553,29628,1189,560,3347,3245,3944,5751,4139,1277,4552,770,8844,8812,1956,4262,2539,661,704,7043,3791,3224,2846,2959,2702,1012,11708,3886,3692,10850,5924,2374,1665,7614,2678,2562,1287,2060,83,1062,9396,8522,2161,1108,2666,2550,6009,1313,5486,7229,1742,5757,4567,4515,8638,15,6817,3843,1903,5888,3897,3493,1585,6546,4851,2179,1073,2380,3508,3755,4861,7024,9870,4050,617,4511,709,14532,21245,7260,5131,553,3466,4980,2501,822,6085,3090,10738,6647,5361,2187,798,8401,2650,9611,3847,3309,1808,307,1318,16029,330,466,396,344,809,357,4630,4037,1702,2326,1402,3743,10204,13707,2810,4190,539,2212,1581,13257,8473,92,2044,1250,3551,3686,5286,3607,1359,1171,521,62,678,2265,4455,6071,1568,2263,5027,481,330,3466,2266,2833,638,308,1666,8618,734,2307,1609,2611,7518,3558,2419,7672,5554,2338,13888,4979,466,2957,1040,3231,4428,4143,1296,2022,3935,3332,1199,9350,9603,2071,2193,18558,126,3813,14628,534,3313,1847,3253,1957,1014,7301,5305,5438,1751,2280,2632,941,5543,7790,1599,2574,8391,2747,124,2761,3752,1682,5952,3111,1758,1278,1945,3679,6522,3514,15141,1360,3491,1230,784,4306,2130,2405,2523,5243,3079,9623,5871,9475,10203,9008,533,8576,2629,2331,3407,4362,5149,1819,2233,1402,3169,5113,3400,4342,2186,2894,774,3303,2603,1785,7186,698,3692
5244,244,485,2629,301,3635,1079,3515,7538,2512,8723,2462,5177,8092,1260,7572,6573,2331,3789,2399,3300,1551,1847,1805,8459,4519,3546,5005,7866,5185,4092,4162,3104,3576,5564,1326,9421,1629,1584,1765,998,2466,20388,2060,1462,2173,4584,1482,3004,5551,490,6132,1676,1554,3605,590,1461,4999,246,7966,1494,5246,2000,2233,5270,6782,27029,2657,3814,1707,3451,3226,2519,1945,2000,3175,1938,2157,4198,1073,2991,3832,2184,3909,6425,8828,2632,231,2321,1904,5986,5802,971,9205,595,3034,6748,5927,1771,6193,3101,842,4041,11011,15643,991,4748,4290,3925,4051,11742,1344,1246,6146,4288,4837,2784,874,917,3801,2035,3332,3503,3354,5299,15604,3075,4323,1069,4898,519,3854,313,4598,1174,1138,3660,3737,1252,5495,2019,713,841,7302,7624,3356,2618,2359,4300,3731,3018,2221,1850,5571,4628,1006,3004,2311,13604,2577,6184,2421,2449,740,2090,3414,2363,1193,24509,455,1798,2804,2222,5466,21794,16101,4427,17130,6692,3145,10352,154,7460,4148,12358,6578,4935,2061,1234,2659,9437,1159,1997,4209,5557,171,2280,2509,3153,2521,7722,10553,1039,70,4515,6086,1455,3222,4750,2465,1099,2014,5580,1410,1977,7236,6750,1975,2205,311,1884,3534,2625,4333,463,2400,5959,7295,1857,2619,2059,3045,7648,914,7035,1247,8130,3788,3763,5034,8569,1811,1536,1324,652,5343,4412,1472,2677,5220,3559,1551,1463,2699,265,1525
2091,8477,3375,466,4834,4504,570,1498,341,5989,7522,5905,869,740,3343,4771,2050,1523,11441,7666,4503,1063,2486,9707,2015,2675,7203,1320,1025,704,2453,5580,592,4569,1671,1200,5315,2295,889,2844,1787,9605,10514,5206,2109,869,11067,2785,3077,2141,4686,7895,1038,3969,4541,5383,2070,3221,1663,4154,7586,561,5444,2506,4092,857,203,8221,8650,4832,9433,6784,362,5810,6449,6564,7918,4049,1437,17282,2404,7531,2532,10688,6091,3153,4417,3073,1302,2265,2951,1948,2880,2184,1953,7017,5588,10698,4710,2132,2578,2644,2177,2789,4232,1883,10745,2926,3242,6407,1781,12385,8670,3617,4432,316,4365,1680,43,5994,23039,3012,3129,3095,3649,586,3057,8621,1393,10743,2306,8942,2947,2386,4378,2074,992,2445,221,3679,2702,9818,2447,4389,8213,1975,6287,7284,6652,3065,6662,1876,2424,1259,2190,190,5352,2514,924,1891,81,825,7981,1121,9628,4615,5577,3926,2225,5384,2738,5245,230,1264,10237,1863,8301,2247,2642,3369,4003,927,1471,1406,958,803,88,3381,7534,4596,695,25251,7350,545,1265,845,15291,3515,11283,2992,1393,4131,6766,2981,3793,6767,8514,3473,3710,1210,220,1388,3660,9491,4058,3782,2729,4100,1961,4564,686,633,3310,613,1213,1772,10892,2556,352,2929,2130,4052,7630,6459,4395,787,1950,2576,6543,718,481,5162,730,165,2301,465,669,4624,5927,2532,13732,2336,1995,4930,942,1425
5804,4001,1588,2955,13813,2885,4019,5701,5272,1737,2816,10295,1563,3386,2326,3461,4935,5291,2277,3378,4249,9637,4149,1141,9413,21803,1363,11358,2532,1757,2371,2063,5130,2875,2679,2724,1697,3953,1577,882,3858,5148,6996,829,1450,6073,1526,3658,1056,287,4847,357,2524,1640,4024,5555,5428,623,3030,5387,1244,2579,2537,519,2416,1532,918,1415,1872,3198,7218,2350,1488,3884,2578,2681,2519,26782,11011,4040,1525,5149,4018,676,14254,1360,1276,2677,2426,2159,309,169,2744,7921,4300,2397,4982,7120,3019,11348,1422,3268,4971,622,3531,1991,572,5534,153,7515,1442,3288,9148,1715,6279,10239,5659,364,1683,4751,843,4580,4974,3276,790,1312,171,853,3073,6424,3110,4165,3567,14455,118,1658,7542,2602,7582,6830,2549,7772,1075,7721,2099,2284,2718,1386,1149,3501,3785,6160,2586,364,5199,17661,7750,4594,4748,4543,14299,69,1578,2894,11500,4608,1390,13140,3401,1865,940,9772,1395,2642,8224,935,1065,7046,3071,1579,6685,3331,4791,11524,1600,3034,3992,1778,6848,3345,496,3773,1660,2661,774,1642,7786,2235,5497,5911,1482,602,2627,2355,6706,3669,4171,72,3135,5978,4953,6345,5138,2236,2835,2834,6185,152,299,8737,2090,3937,6167,1659,7737,707,5545,8576,4710,3119,4127,2852,2222,2121,12689,2772,6968,5210,2797,1445,3456,9264,705,1038,3563,2063,725,714,19584,873,3252,1537,6122,1377,993,1655
2104,2044,9041,4395,3216,17140,3325,9546,2104,5343,4831,2189,1916,2280,3601,3849,1003,10533,295,2155,5131,8678,3123,9862,2609,4292,600,944,2834,10191,5477,1041,5213,1325,1186,637,1991,1752,10436,4278,3504,3079,4346,650,1168,351,3266,534,1854,2825,11735,9566,1524,2093,8772,2257,4265,3843,1875,2083,7345,5197,1296,4961,558,2335,494,2095,19882,5444,5078,2769,5787,615,3204,1976,423,2806,4031,755,12175,2105,462,2280,1932,1320,5499,6476,2495,6493,2729,1818,4084,2254,3071,5409,8943,5802,5445,1223,5826,3651,2475,3351,2650,5420,5988,5660,4855,579,333,1590,1643,7593,1760,145,5735,5657,5842,2462,2253,1912,21474,4328,4259,8826,3322,4783,1037,146,1837,3888,98,765,2615,900,6105,5160,3341,1239,6307,5065,5624,5711,8540,9022,1872,1497,5278,2084,3914,835,2492,1356,2443,4492,4951,666,1827,3014,9163,3110,4187,3571,4282,2563,3936,3157,7851,9453,3132,2222,359,1024,2291,472,2681,4815,5081,19757,2964,3934,11603,449,4205,10519,4011,8797,4084,3221,6725,7119,5726,3568,7509,4733,1538,4339,1365,2656,6740,1165,5909,2941,3246,4199,3765,3254,2759,6455,4342,2912,744,133,255,1365,6815,2575,3490,15345,1762,5158,10672,2613,3527,2285,6561,8576,329,8094,3673,650,1122,6669,2136,1039,4046,2905,3017,1746,4705,873,6351,1218,133,1649,2871,4088,6760,4568,6253,4232,6676,3398,1624,2917
1818,248,4609,5913,1810,4960,4779,10121,4290,1532,385,205,7917,1730,4967,3034,7059,6863,3497,560,1335,2355,2212,1547,5042,1171,1086,951,5350,2909,1553,435,3440,5290,2349,11028,97,3962,6636,5310,5447,3641,1997,7608,3469,8608,3138,846,3157,4623,113,2728,1375,3734,6610,929,1596,538,1864,703,6345,9400,3975,325,3720,2,4952,2313,26571,9203,3438,6860,3152,1028,11236,1145,7730,3073,244,4423,2706,4736,2764,10777,237,1314,3275,2372,2692,2050,3459,10746,2386,2587,1295,3294,3332,3268,2496,8281,303,31690,1610,1255,683,4691,1909,2123,2219,605,1907,7045,3949,2099,2929,3749,1827,4802,1240,1222,18859,698,1776,3967,1811,8878,9144,1934,10974,687,3439,6241,3278,4468,534,1765,3379,2604,3321,3522,2808,1511,8490,5144,3993,2176,3894,2345,2597,26290,3585,5953,1770,4545,5216,4745,1830,1687,1367,3056,3365,1937,3490,960,2514,8622,3771,685,4554,2664,462,4534,6496,4704,8357,4394,3444,2695,1218,3776,11174,3482,5702,6365,2429,1363,1545,3478,1290,1827,3154,6471,1918,5215,6273,156,10706,1359,2222,3561,5900,1421,2633,7397,4212,5026,700,2702,1027,2433,8954,2765,3900,3219,1206,364,14489,10084,787,166,4222,551,3221,2821,3430,1662,1383,5008,8949,3418,7070,3239,2613,3806,5677,5033,2879,8389,327,9305,10184,3602,3374,2177,93,5788,789,5357,2663,7849,5212,10251,1877,1560,2871,8350
1643,3243,1491,2446,1473,4436,7257,1192,2754,321,1277,15704,2126,4494,11873,2843,2807,9,586,239,10629,5574,21767,2895,7756,2699,3588,1695,6209,733,10266,8001,1192,7080,6674,11799,6726,5152,3645,7275,4980,256,5530,2839,3163,6034,2444,9045,9037,3476,783,5576,2430,3089,3248,1903,1988,2162,1556,3581,795,1177,1730,6287,4748,3293,5390,1074,162,858,4479,4833,4559,3658,4692,2906,4181,5116,5515,1000,2501,9113,2905,1995,2395,3984,238,1778,1139,2389,1893,5476,6379,1488,833,9322,1912,8614,2717,8470,3968,1359,1246,3223,3394,2992,4913,1144,881,4397,2848,4952,8514,1837,2307,456,2830,4319,1782,10848,2108,6524,5164,1219,2753,1754,10869,3139,608,1068,1222,5041,2349,325,3020,1642,4341,16496,853,2255,1012,1138,3923,5511,10055,3450,1188,1720,1084,4330,1421,4207,1151,3740,3839,5244,1993,1845,6427,3804,1735,1558,2081,2262,1991,2301,9422,3537,1922,3315,8067,1439,323,213,1894,5022,4965,2436,5704,10507,6323,6979,1472,1875,4582,7511,1669,1490,6043,5959,8482,13113,5074,1192,3595,1885,7180,7533,4826,2102,2263,1267,7603,2555,2370,3378,3796,1167,517,1896,3191,4786,16745,3193,2715,1640,3823,7493,1300,4597,2575,2865,27580,158,76,2822,1639,1168,1358,568,3662,1511,1321,4306,2202,13333,3269,2541,9794,4016,8593,1591,1957,2001,11845,1163,1436,7583,5139,1427,10883,7923,1744,2388,2293,11807
2114,9054,7084,1211,3508,3352,3058,8690,2511,1239,10162,1644,5178,2405,3352,716,4876,5020,6396,2440,14985,1386,6221,1756,4672,1650,664,314,1995,3342,3525,4121,340,3432,3048,1015,3483,7642,3118,9073,919,7436,1651,1394,4916,4553,3748,36,8860,18114,2163,3609,778,4838,4012,782,6687,4144,4216,6222,1316,1550,3938,959,3524,7421,3980,612,3811,4357,19706,5551,2133,3926,4161,3009,26047,3549,1075,5356,562,8459,1414,1258,16428,4113,1926,2877,2279,2203,2982,4269,2239,4671,1799,10217,6561,814,3432,2501,328,6923,1224,1073,3827,8904,4971,4283,6299,1408,1786,313,999,3115,10871,9265,2920,3454,1299,318,3287,896,3401,4543,1318,1301,6260,1558,2443,13236,863,1712,3829,1297,13953,3639,2490,928,6661,1126,5101,21404,3911,2238,2562,1251,2294,2793,685,3484,3678,6205,24576,1132,451,2610,3091,4824,2345,2224,2934,8219,2527,159,1153,2756,4870,2768,1916,2468,4917,2055,3291,12662,9130,2887,2386,6021,819,5099,3610,1659,3335,4687,2483,1118,6707,6491,5121,19213,697,4066,6613,1913,498,4257,11660,3171,564,48,284,2491,17526,4753,1752,2282,3334,2622,5629,1528,1588,2104,2720,2324,6315,2871,7505,5333,1146,3531,1006,2283,1761,8672,389,439,891,1705,4539,5413,63,3252,6019,4414,15215,7240,105,2021,1254,1024,111,1686,2758,2708,2553,1775,1245,2447,6088,5035,3859,1593,3711,2148,2095,1998
4637,2855,10870,5086,5762,2724,6904,4688,1058,3228,3158,798,6184,1343,849,3266,4854,6142,4604,2373,4540,490,3055,3947,4721,980,2683,4871,8676,2447,7695,7328,634,3401,4732,2214,5168,3631,3677,2317,8914,4619,4027,6842,2350,2061,5046,2045,3329,2751,2419,4007,10991,3726,919,4699,3815,1100,10762,5800,1649,7013,4194,4292,454,2953,3922,2098,952,849,5197,6928,3308,3334,3398,2330,2641,8183,1651,2724,1698,5794,1373,800,6085,10643,9199,6329,4009,2272,2282,7333,2098,3021,4084,1949,3255,3219,4415,983,2855,5004,8924,1904,2672,2377,5338,4096,1620,7853,428,3161,1877,3787,724,2456,5417,3485,3136,4357,2086,2408,4295,2660,769,1649,4849,9378,4307,3991,8523,1171,2060,2862,863,205,21023,203,10920,12,2789,7131,3723,2415,1767,1889,1412,3637,5376,40,78,4730,5430,2009,6157,6043,3351,4971,525,4143,2193,4785,607,9590,6320,4355,6832,1934,4818,2422,6309,12626,1655,2935,835,5541,7735,443,1653,4084,1049,7290,3369,2562,6424,3323,7367,3308,2925,2193,3814,5194,1868,2345,11240,684,2272,5429,2573,732,6360,2877,1924,3594,1025,6380,1457,2891,16290,7931,8878,4825,4528,14035,3186,712,6571,1005,5135,614,2663,8987,9906,6955,5366,905,1855,7073,6064,2268,1090,442,3885,3655,731,3787,8325,767,11282,3064,1898,3852,10297,1301,9169,5245,555,6145,178,1452,3364,1610,8575,3494,1562,2474
4286,1384,5734,4261,449,2642,4339,1846,7130,5402,3220,2833,6440,6210,6039,4450,1564,2011,3104,3811,14258,299,3643,3396,4201,4102,1271,2159,957,929,789,1646,2809,7755,5960,3566,1266,1134,2755,10248,622,916,2133,1025,2823,2417,559,2596,7760,505,7849,4809,2907,376,95,3949,2152,6297,743,347,6916,9554,3633,3357,1705,112,1860,6753,1315,1146,2289,8988,1995,12477,3890,874,3893,11435,620,636,6721,3585,646,2338,782,1558,3804,6834,15809,3328,44,2726,9579,1785,7323,3470,8932,1847,8716,4953,547,7548,5269,8978,3237,2733,2075,6555,4179,7527,5342,4475,3061,5521,2678,5374,3122,2097,5890,1476,1034,6064,2240,2124,146,4642,1350,4330,502,1178,1143,3649,2217,2009,3020,3175,4240,568,4880,10590,5028,3076,6071,4057,3230,1247,1932,3493,1585,12750,1832,157,5657,5628,3866,4167,3765,2118,3532,2757,2979,4043,1945,5836,2838,2534,4386,12334,4089,1981,4660,1107,2096,5723,8492,3491,1746,813,13241,1593,1587,4007,2297,10783,5807,4494,3187,4824,918,339,246,2563,2495,1738,508,7356,2608,2507,3181,6091,15555,10322,6193,2054,4242,3516,14568,13837,2675,251,3903,5924,3879,5483,1887,2449,754,7229,486,8837,4425,2123,2915,1575,3606,4558,1975,2277,4290,4399,599,6096,5370,2895,6236,2312,4652,2970,5822,2319,33395,2101,3986,2870,6991,792,3358,5583,1482,2019,683,6935,6519,1239,3208,12915
1289,2912,4364,2972,10650,4155,5724,645,5681,2289,3075,2847,1506,11101,653,2294,5296,2420,6170,2298,643,1942,2109,3002,3662,326,1875,174,772,3570,10648,1050,6166,978,3182,2141,4749,1586,1611,7810,3077,1483,5491,1175,2900,2667,6502,2935,5875,12300,9254,2168,12832,3375,1566,2653,4318,5742,5767,4948,3523,1987,14158,1332,1665,1932,1853,4241,2768,2576,11215,1885,3212,7725,2501,1270,19492,5787,5148,1172,1781,1216,7319,3647,6263,3941,7124,1140,1642,9470,7312,903,6613,4117,6333,4080,1351,821,762,611,401,6066,3398,4838,12751,3762,4699,1896,812,2490,2334,2089,2029,1916,4723,3600,2990,2989,4802,4662,2476,647,4060,7224,3602,1855,430,1467,286,4030,4585,1938,10101,1282,5855,1349,2772,1266,5046,531,1178,5004,2419,3631,9975,2200,5557,3944,6652,4335,9702,1804,1702,5293,7003,9150,13310,3675,19763,9367,3932,1405,536,4969,1995,863,8112,1315,2017,6854,1729,2922,2679,5784,1851,4511,3987,6756,3669,14926,1039,6833,2980,4110,5075,925,3808,4403,3489,5676,4338,2825,5182,4354,1139,21242,750,5676,2182,2935,517,3536,188,2514,4915,3581,6254,7592,4631,4481,3097,2218,1889,6019,5569,7207,1702,2768,2570,1918,6246,1496,8920,2436,4524,5859,1927,4936,2108,6139,907,5974,2725,1348,3119,1106,5358,78,4056,5363,1911,1828,3639,2281,7496,2848,1244,412,4085,5495,1822,5796,6490,169,3093,3997
788,1175,3942,802,961,1439,3717,7642,3775,3442,4740,8485,6386,3884,6088,4242,2637,7213,955,2679,1133,6400,3429,1112,4625,4956,1079,3852,3114,9011,6469,3948,1452,2749,2583,5187,2838,507,5957,324,20389,7544,1215,11353,4983,634,752,771,1677,566,8499,15209,2021,1990,3707,2141,2759,3792,9062,1369,2900,13060,4517,5861,3937,676,640,619,7063,4335,1920,3344,4299,7096,8228,1694,452,2464,6185,247,3670,4413,12710,13281,3720,3018,4842,299,5357,5045,3683,3069,167,3200,1537,1028,458,1786,6014,3004,6372,8113,2188,659,4470,506,148,8388,5108,2322,2426,2823,7811,9820,899,1773,10675,2726,3006,2497,2291,2599,3816,1989,5472,1826,5826,801,4201,5690,1720,3443,7511,11516,2427,3977,3690,534,6378,4762,6399,7498,4540,2377,3529,2311,2723,1941,113,1334,626,5598,84,10067,4342,1258,1805,2410,6122,2900,2194,3038,13029,2873,2489,4669,1102,2763,2434,2417,6812,803,1238,4994,2590,969,9949,3671,3217,1579,3303,4601,3847,4853,5495,7311,3975,8317,5096,1672,1172,11669,3337,4064,5039,6287,795,9247,598,2191,3286,5585,5923,3097,849,1069,1742,5823,980,314,527,2366,2974,3373,2681,3772,3609,4266,17133,4736,6252,3263,5856,1070,29,2535,6115,9220,1967,9068,3509,7817,5952,5684,1066,12489,7440,1072,1740,5761,2165,2400,4107,2372,2906,1939,12759,2541,7049,430,5447,3181,4855,3464,2387,2261
4512,3987,120,1923,49,471,4479,1837,1411,2996,3827,4903,2753,4591,7389,3250,2598,1939,2414,5396,3752,4923,3199,5576,5326,5056,3531,2502,435,1271,4008,2788,2017,828,1440,3531,13211,3681,1514,9182,4182,7070,2730,4199,1983,1548,2627,318,1204,3149,10246,3573,3265,13432,7216,14992,3062,1407,314,12134,7675,8602,95,4353,2479,275,3364,2680,4785,4356,1478,479,1221,5243,864,1647,2344,3196,3579,2796,4016,6055,2584,797,2356,715,9839,2089,4550,2312,2136,352,4601,2953,998,9759,3044,312,2596,1922,6482,3536,5801,1742,1870,2450,6047,4616,1262,1273,764,6106,5852,11326,10013,3582,1909,5534,10165,2371,3811,13702,8910,6297,2886,3499,2995,7793,2848,889,5625,5349,5616,1160,5535,9717,20550,3317,2048,2803,77,5767,4380,2650,1972,2203,15474,4834,546,1041,9554,5871,1917,8139,2214,949,668,762,510,998,1187,8519,6829,15478,3109,1627,658,590,1109,2506,3049,4195,1731,2932,6210,2678,2113,6412,2449,2016,4647,8222,3618,2513,5314,2382,857,3423,7954,1011,2695,3513,7696,65,304,2304,200,14716,5451,3818,2957,415,230,13099,1045,1336,2125,2517,7503,24330,5972,485,2577,3599,10541,3459,2072,2787,617,7370,1881,4833,7167,1671,62,2279,229,5018,5922,1647,1702,1600,1515,4063,2560,3919,5175,9728,4560,4411,2520,2,1947,501,6605,6053,6652,1864,9520,3841,1264,16764,8705,688,2218,3573
1204,4072,5749,3950,4690,1619,2319,477,17,2950,959,3999,63,3536,958,7879,1855,417,4537,1428,1869,5321,4007,12190,3303,4172,4909,2493,7381,7965,6092,2579,3094,8855,2967,83,2505,7695,541,8472,992,3444,4912,4394,4448,5824,2897,14920,5978,1780,906,3581,4840,5189,1317,6925,1921,4216,6361,2508,3228,1297,88,10741,455,8700,468,2213,3383,4358,2362,1585,3101,4465,1676,5981,481,5867,9546,8481,3180,361,497,2685,5074,2770,7511,2109,567,2408,1919,2661,4248,6962,338,5205,2289,433,14404,2129,30266,1913,925,902,560,389,4045,3486,4337,4572,3059,2348,1765,1337,4265,1024,754,15153,7045,1767,2638,2886,6542,3096,5809,4248,2755,1400,881,2745,10411,5111,1914,7663,4307,6052,15542,11361,4009,541,3854,4338,462,492,499,6610,3079,738,10766,1002,999,747,6411,10013,4855,370,357,2663,4005,4858,2807,661,4593,6382,2825,3358,7449,4705,6372,5839,4989,10210,3866,10810,5733,8196,13,1379,9045,1754,9,1924,1490,3310,687,2856,1806,1035,8143,863,2711,3756,1298,9919,20612,681,1816,9254,5376,3057,5673,1592,1940,776,5780,8785,2084,2648,12254,380,3219,1114,4247,1366,509,3114,930,5618,1062,15885,1795,7003,43,7612,762,5426,1191,1602,841,10950,4495,10888,1929,390,1424,274,2446,1515,2966,3339,2781,2506,6900,1870,2366,3795,997,1711,14538,12614,3476,127,2789,6231,1213,4075
4246,61,20085,389,1425,2572,5403,4626,2609,1336,7743,2702,11965,1421,9002,2918,502,4376,281,14539,8991,1623,2597,2947,1498,972,866,1601,5126,2486,11478,1790,10451,8232,3169,1217,2225,6704,1830,4937,3266,667,2690,115,3028,282,1430,322,7993,3193,1474,1799,6956,3333,6879,868,8765,15933,12247,2386,4544,2000,1212,7305,1408,4512,3953,702,1777,5373,7515,4356,2782,10076,2080,1895,11495,1884,1526,4716,11235,3961,41,4668,11290,4060,3413,2457,1986,6505,1252,5130,4122,3081,3101,6146,5172,4323,318,1632,1887,3649,927,5067,3332,14059,10327,3528,3868,22974,3185,3027,6727,1877,52,2062,4439,6337,4894,2115,4703,967,11432,9088,2464,431,10074,6300,3435,2791,4596,4896,13727,2535,4960,1464,3847,2503,7201,228,4541,1259,3568,6598,4402,2807,3626,5356,2071,4307,3050,2825,6034,6185,4362,1833,7694,835,1132,2853,1431,348,664,4451,3767,1462,8534,2882,3686,164,295,12329,206,3244,86,2719,5469,1534,1996,2087,140,479,1269,2164,8748,2449,5823,1102,2070,4550,226,2684,8042,4262,2451,48,2103,421,1638,3360,5139,2652,686,4514,11422,2347,2182,4722,5728,5492,5450,2805,220,4814,4710,4458,8504,977,3014,1272,7859,3553,1826,6799,2733,542,11931,1858,5763,257,1190,3394,304,3434,19340,1123,3741,4437,4849,970,3463,4565,17,924,3566,3479,1125,11264,2261,1547,441,4427,1753,530,2426,10070
96,3566,2357,6553,3578,7253,7782,1117,2631,3147,5600,1167,2694,13134,536,2686,6072,11280,329,2540,4946,3289,3121,3387,5458,2142,16023,4717,4916,3231,2028,1349,1068,2568,3496,2115,2945,1752,3929,2097,1238,2233,3497,13860,3353,5051,2336,5274,5333,831,287,4249,982,12319,7015,4754,1500,369,4999,9646,5739,4556,3921,2772,3754,6334,4715,6394,6690,2157,1393,3742,1695,3530,5627,5530,499,2683,4070,3887,5045,2733,2162,4500,3414,3148,55,2213,2296,2011,3310,3836,88,3367,2844,2377,6299,18115,2873,3811,275,11460,5408,1645,6098,9560,1680,1018,8685,2522,4416,2973,3331,1471,1343,2080,1497,7331,2761,145,2174,1732,1174,3434,8390,6069,3727,3127,2769,7799,2337,2307,2663,6773,1230,613,2821,3388,319,2011,6634,138,1477,8656,1239,2847,391,2678,2767,3011,8636,12451,2993,3361,11269,91,6770,3159,4095,2555,5218,5170,145,2071,18970,4356,817,2638,616,1379,6009,4397,1055,2065,24548,100,370,2494,4732,2503,3209,15152,2369,2068,123,7156,2411,3057,3138,9278,1238,8752,3289,759,15958,4545,367,10114,700,275,2519,12062,4260,1237,1724,420,5157,6669,5984,2218,2740,1771,4896,1345,3629,936,1753,6155,1804,1133,2080,2941,15561,286,1600,4822,5104,11755,4460,1163,2426,1423,1625,11778,1321,1378,4658,1788,12096,9728,507,2990,957,3340,3389,10856,969,17,4379,4501,1870,3506,1303,84,2270,16402
800,957,162,11050,2540,9064,5249,12665,288,6327,586,14049,82,2006,1953,4065,3187,3410,9820,17699,5591,3124,200,4602,2125,6532,4666,15900,3373,2089,1791,1552,8753,18670,1743,1176,3389,931,2045,3054,8255,3333,9326,4712,20,11369,1294,7320,3266,3282,3735,5957,4230,10130,2238,9088,370,211,1067,2141,1527,1526,6755,1812,5045,4030,176,2880,2417,2537,3880,91,7392,944,5836,3801,598,2012,877,1905,7422,1743,5628,5863,391,7301,7103,4601,204,1691,2964,1313,2928,4069,100,1582,3989,3729,1801,4189,9570,737,685,4675,1581,2945,3255,1515,4313,1155,6954,3835,6845,610,676,2236,28532,2793,3789,922,71,4694,495,2287,1392,1291,2779,1392,531,4888,13818,671,4127,171,2132,4459,2927,1609,4790,845,1635,2339,3187,262,6947,818,7024,6178,5852,1194,415,6385,930,1009,936,2399,1062,3809,5644,747,4392,2075,21,6404,7747,1499,6262,3068,4269,624,208,669,3522,1807,13857,3813,657,10166,6770,1812,3669,1811,248,3493,1662,1873,4094,494,4275,11434,7591,1028,2129,13878,8170,5836,3474,3923,5753,893,9084,5270,2569,10398,1989,9895,4513,1379,4156,2226,2487,9282,3923,6611,776,12248,4971,1742,1594,6386,11313,2589,1441,13569,2597,3806,1437,1004,4359,6133,2860,2444,1651,14655,11927,17408,2244,1674,5268,3652,2670,1413,421,3744,1599,4138,941,2346,2217,175,4537,5445,1375,2255,5659,2276
3507,3474,2769,1961,2561,2304,1670,1068,185,4266,2350,2414,2011,4345,6364,2695,2704,6561,965,896,1978,1247,1654,2174,3406,3920,1606,2909,3408,3108,1411,4636,1319,5417,3591,22793,1929,1873,1784,4011,105,4887,7842,2483,1203,1047,990,2194,13958,6431,2765,392,2631,11055,532,2621,1288,5189,3935,1536,1120,5671,2259,4755,3545,3492,6663,460,7962,1054,973,274,3514,2177,668,10048,1814,2387,1147,2661,1651,6427,6718,13344,548,13,2123,7847,12427,2299,4837,2142,354,10655,4894,3636,4485,1928,2039,6835,1360,6359,253,1691,3249,548,6861,6125,285,2815,6317,2330,958,1320,3302,2933,6745,719,4003,9194,5254,1316,4969,3213,5287,1383,4857,3894,317,2616,28847,2394,156,3433,1888,784,7049,2949,1440,2542,1114,1978,5052,1548,64,4514,5400,52,14427,15647,8087,1131,6034,2604,5682,7927,5026,9951,3669,2626,12536,22577,1405,6056,2033,435,2286,5125,2879,3774,3695,11631,2467,9711,1009,36,2038,1677,1437,17299,1288,1072,829,1184,5819,2811,3178,10455,1507,3373,3555,1995,1409,4531,8166,64,4317,3576,4527,7021,6666,70,118,5118,1001,101,4863,26,3747,3325,1760,7968,2858,10488,1879,4450,1741,2633,2023,2316,45,1450,100,6682,96,21718,1396,3410,1969,1219,5910,1147,10105,57,2440,3095,4799,10663,3935,4146,1137,511,2318,3921,2588,1530,32017,4608,1196,6001,957,18612,4260,6536,4054,1912
2602,4005,4299,515,8459,12953,1880,7197,147,5479,4770,4886,393,3058,453,690,4453,5593,4007,12151,5426,17373,2775,4586,6620,633,4123,1511,3700,1462,3965,7412,9400,5550,5186,1976,233,3023,7597,1097,2538,2152,4549,4624,3356,35,11940,3506,7483,9808,1680,7891,3224,4339,2380,959,3197,3906,3735,8919,506,1839,2490,3752,797,2511,40032,86,2089,6098,3794,1001,474,137,2967,4713,3230,3429,2985,2427,96,7100,305,2486,2846,6507,815,1515,1060,20517,5280,4136,528,768,6097,8378,3281,1637,13489,3166,3743,638,8125,3460,1011,3000,1246,131,628,5569,6518,2812,2648,2260,5639,782,221,5704,9364,4580,670,1216,3228,3091,4529,4012,4230,2332,564,3043,1678,2193,5199,2180,6552,4061,5040,389,21054,8105,27,3410,1060,603,1934,975,5159,885,4308,14495,1993,4554,13060,22465,3291,14185,3334,710,585,3083,4393,15,3638,1917,1325,671,1270,2114,1479,3383,5605,5138,2750,6143,954,8383,464,8369,1544,1525,382,968,1955,685,8162,3819,1278,3237,9252,4081,1630,168,1199,4491,610,3836,3462,7897,4032,3123,5837,7097,13295,1582,9556,4969,435,1461,3191,725,1854,46,405,1306,3434,150,1040,746,4614,1584,5086,4806,4670,2128,5610,4356,3082,2175,1776,3477,4100,13369,2089,1414,899,615,7176,571,4587,2478,7503,8131,1140,2495,16770,1761,1283,1860,5410,7248,4871,977,2097,5113,5079,1476
111,11053,2551,7614,829,1855,1881,1405,4373,1002,4633,2843,539,15084,326,4961,407,9091,367,2009,4791,7223,3021,1277,6740,6586,3358,229,1912,983,27356,4198,2850,133,2442,4801,649,9863,18634,4474,1127,1992,17828,5673,3596,8948,12632,6413,4865,2941,2248,3043,1132,1587,23407,3864,1137,7984,3614,11330,4603,6361,718,2179,8446,1207,1858,3211,791,336,2175,3789,2489,1892,8840,4350,1637,5098,3896,3223,878,877,2762,7650,12,7317,11537,7028,801,452,5435,501,3529,43,3087,1769,3488,5683,1312,926,4175,1924,627,7755,2266,1597,1256,848,2943,3369,2358,3158,12120,5033,7694,231,1703,1569,2182,8474,4040,9729,841,2358,1360,1471,7714,6054,6570,3827,1475,4971,962,9694,2928,8794,450,2384,791,3134,211,5382,1733,2988,633,3914,10548,6885,3738,6642,3146,2968,4481,35163,679,2190,5311,5685,4027,6275,2250,7030,1660,3312,756,4200,12996,496,2105,1106,3614,5277,2331,4858,7802,4939,3505,2666,844,240,7707,484,6168,2329,5929,691,5800,2161,1581,3010,334,2554,9453,3533,2136,7338,970,3272,2466,4415,813,4098,795,3902,2143,13450,1143,3645,3415,4261,421,1751,6761,2036,2517,995,2116,40,256,3270,159,12854,114,10955,277,364,1765,5024,5801,7653,14,1001,4098,655,6196,3536,4001,2041,3196,4820,254,4926,2735,920,7541,1833,5338,5602,7773,493,1303,58,2289,610,8255,3107
5551,7781,1155,3263,10496,6119,8078,84,2173,3563,6222,3052,634,288,4915,1035,2199,2123,3407,2147,2969,3420,2042,385,22755,4271,3897,4267,5738,153,2150,4141,155,1476,2919,10246,1451,4389,11712,2771,4777,131,1809,1955,3214,11017,2594,5647,5392,11751,2632,1368,1460,3307,2845,1520,2503,3844,2177,2785,709,935,3080,5076,1574,4601,2663,4670,1335,482,1626,4181,2857,5425,1773,566,2661,4616,7600,4338,9857,5262,6098,7135,3585,1150,5797,5984,3785,18001,19229,3968,3739,537,1255,2106,381,1170,1529,472,2427,2375,8756,1092,22301,2410,18490,12009,10355,7215,4749,6450,7052,8476,2893,6231,2119,7617,1611,7203,3741,2216,1049,1925,546,2454,4849,34,7392,2391,3698,172,11888,942,1107,3463,2896,11401,2946,840,13903,1571,5967,1511,9000,1940,1584,475,3996,1358,1601,1784,1464,621,3521,14497,588,1541,14027,4376,1378,8836,578,2415,929,40,5430,412,1710,2897,3016,1441,7242,3573,6531,910,7692,5688,20514,2510,5231,4869,319,2593,374,166,2157,6093,5072,89,2393,856,2676,1727,949,689,8563,3151,7483,2404,7075,1279,6205,2439,23132,16068,2545,6629,9287,5293,2136,2767,1525,5490,3481,417,1818,2146,999,1496,1230,2359,445,1975,118,1552,6516,4747,5608,4518,2677,2516,12,7670,698,5381,406,4389,2532,589,4457,32,1316,3451,7279,2144,1109,3872,1914,1746,617,6540,3768,2167,1488,241
2821,2267,2462,212,4365,8963,10069,778,8685,1416,2239,377,17801,4707,437,204,865,179,2650,3191,1432,3117,4423,5935,864,19312,2264,1253,5777,17278,3727,675,5756,2361,241,3468,4173,15939,837,5525,5268,1734,7712,7897,7588,15022,166,349,4327,3672,3040,1253,2045,4514,8364,2998,3049,2950,2362,3283,1558,1380,6672,572,2755,16001,462,383,3129,3465,1617,336,2976,807,582,3334,1316,9093,2670,3505,3034,4478,5166,3359,2635,3263,11827,2171,1895,11440,70,9784,1341,157,1306,4155,4264,2057,16441,8218,2087,7461,2278,4499,8516,2561,3204,12486,3126,9838,2198,821,7352,1010,877,1631,1288,290,5944,3804,1428,1800,1768,8204,11182,1860,6503,11383,3328,2861,147,8940,3299,47,2422,2979,7924,1504,5738,1415,2788,2473,1129,1963,4688,3792,1633,2905,114,1449,1182,14135,2595,1980,3398,4660,1464,16102,6840,1455,2732,1960,2555,2520,5027,7656,1322,8056,4502,2382,2821,1795,1840,3210,3024,5803,2688,1224,4250,781,8145,1120,373,4763,3375,1160,8000,15968,1222,1878,342,873,3702,3521,2287,2675,48,5401,3829,595,8844,2377,10770,1049,9597,2742,9003,811,7891,5809,3388,1765,2809,753,1388,291,2684,2147,3457,2980,2518,6578,2033,7452,6075,2621,300,27505,4780,3209,1529,753,4058,6761,1185,2952,1274,654,5421,3975,275,3333,2507,629,7835,684,1957,510,3048,1273,2793,8640,1191,5406,5689,12693
3371,2267,8215,2217,23498,1124,2191,10513,2147,4089,1650,3233,1215,3323,5352,4205,1858,5442,165,193,7268,275,1283,8521,2692,1927,2475,6411,1797,1667,16555,11230,13867,6315,17390,62,22482,1502,4420,2476,3262,2448,5447,1840,492,7876,3985,913,1130,954,3136,3396,4868,5214,6118,745,730,2331,6097,1593,922,1612,1644,4429,1220,8544,14415,9394,2610,3286,1323,1084,2734,3307,2775,6269,2112,1314,7765,2714,194,5176,374,2758,1927,7253,1881,4353,7330,4787,3039,2275,352,3124,1696,2413,1872,3802,6566,49,68,2589,4651,9392,2390,2308,7238,2380,1625,4287,3593,2697,5193,12709,5971,5424,56,504,1581,2030,2774,744,798,1261,871,822,3973,1062,1002,690,8819,1828,4636,545,958,1712,3206,4891,5468,1698,1006,6884,817,3133,2221,396,3702,4057,9417,1227,7577,15541,3789,13801,2408,924,1060,10024,2800,1828,101,1092,906,13000,3917,4291,2635,1131,2593,3547,13307,2678,16606,1396,5453,531,351,3135,949,9790,2567,2930,2555,6310,4153,3111,3462,2217,4120,1305,15948,2775,10067,2312,2101,1975,2706,98,2674,44,16013,5802,4032,517,4262,94,7944,1902,2019,236,2394,15562,144,3713,2678,1006,2842,1883,3090,3908,5432,3496,7693,1714,2248,2590,11624,3985,721,3843,12066,11286,3642,5361,3635,1911,570,730,3116,2049,4328,1136,4396,143,914,9290,4827,2793,5870,804,7006,3840,1478,14126,5013,3372
8971,9616,243,12663,1942,2245,2163,3915,118,1013,1818,2241,1508,5567,8014,3759,11465,5019,2934,1206,5439,2707,2618,1440,313,1716,3884,2959,3598,3085,4295,1793,2562,4776,8121,1783,6825,980,2137,2439,2350,9150,2996,698,596,5403,5289,1754,2932,10443,3351,2332,7237,15776,22361,2740,492,440,227,5025,7499,13073,1122,2195,2407,3516,7639,4406,2996,1526,1403,11182,15132,497,496,9938,1365,2918,4847,16840,5175,3058,2028,2588,3558,3403,133,6507,9974,3363,581,5086,8736,1369,2762,17,17,87,5761,1496,970,6468,253,2389,2935,2123,477,4853,7936,1389,10031,8395,4413,2207,623,5419,3153,10755,2020,2138,1559,6879,682,4819,1731,3127,2000,2065,5590,3035,4125,3701,1547,20976,7023,15768,3610,3592,714,15602,3633,3510,6876,9091,13125,4244,3103,3795,7340,3355,851,1449,1945,2293,113,3707,4087,2301,6126,1956,832,528,2205,5375,1668,3331,2842,714,2028,8942,4704,690,1960,4088,2525,10942,518,1726,404,2074,314,4304,1893,12959,13441,398,9458,2215,2207,1133,2143,1670,3702,869,3685,6077,1918,2855,4481,770,3991,2443,3005,520,2269,617,710,2430,1986,9006,575,1465,19528,4437,990,1432,7978,5956,210,15292,1207,1047,2720,2743,1451,3194,2029,2822,2176,4144,2258,4773,2711,2291,9320,5056,4411,2171,1681,3896,2777,7274,1000,273,720,7220,1556,4103,2184,5484,1013,1486,8469,1555,4682,5641
2793,2174,409,7863,6397,2437,2105,509,899,1504,1435,5860,7313,2380,10794,2722,3292,4342,1940,3630,2300,2301,3494,1869,13710,1611,229,2303,7123,3087,7624,3745,892,721,2503,2919,5769,1305,605,1767,375,6133,179,3123,5834,6279,797,6241,12585,2337,3562,2304,5441,3035,2718,3094,6364,7679,68,5599,2824,11830,6872,2216,1768,8707,170,5045,12301,2407,1783,4073,612,3755,1687,1102,1887,17924,3440,6387,385,3421,6985,15414,2373,12838,3997,1301,2501,2091,10496,722,11482,768,2287,2698,2702,2965,1670,4249,9198,5110,1935,1138,1674,2670,4867,1557,13858,411,772,3160,6862,698,3490,534,3000,4276,631,6655,4244,2098,1223,5745,1631,7063,9427,4515,4552,1970,1148,1048,2560,5932,2911,849,2963,1228,7864,5898,9104,644,14670,5037,3966,474,17291,2880,1164,1680,4119,4087,6363,2262,3018,966,537,1269,952,3338,1378,3914,3698,3608,2200,2363,2134,2770,7772,3045,3591,20305,31524,8493,1980,1888,3966,9195,3146,1350,17831,5568,2125,9011,12464,3903,2791,1065,1268,659,1881,466,903,3298,1680,1406,2378,892,4604,8586,9744,6875,5917,318,10910,1540,9322,1412,58,2730,3857,11766,3273,2443,2056,4686,1128,3836,3861,5311,2364,3400,1605,3209,719,954,4522,2114,6626,3215,3094,3372,2599,7435,10301,4276,1571,9659,1024,838,775,2092,1578,2663,72,753,397,2691,544,2104,2898,3045,955,3474,960,5353
14052,3891,8162,2910,2937,1028,5350,1486,5413,5292,2984,1463,6578,2480,3944,2336,2544,2474,1774,4925,779,13386,5761,1990,7095,9460,1908,2695,3728,14,15659,3952,8933,4704,2790,3633,938,4675,336,2784,15533,48,954,6134,5330,4702,1096,2354,1339,6543,6762,8449,5270,3154,455,1616,630,3550,7364,2712,1499,569,1280,5840,617,6669,57,1359,3365,16663,3089,1034,3124,2772,1203,4079,1079,13855,5931,2158,11667,442,426,3017,2248,3490,1201,7793,3056,585,3107,5132,1270,309,4477,3037,3310,8829,3180,1374,1262,507,7479,8036,12761,15747,3479,21195,2904,6933,2715,1097,1913,2383,270,3924,1293,2193,1957,16013,2607,2417,6408,225,430,919,979,3903,7890,8302,3882,288,2265,2374,2309,1197,3968,3691,5718,9921,1420,1070,2913,6148,14556,75,3132,2532,11916,9990,3221,5487,6253,544,3141,2322,1183,1793,2184,2430,1179,7786,8828,7070,949,2738,13071,1834,264,1003,578,922,2355,2398,5043,3307,2223,1198,520,7304,5934,6469,1310,9089,13992,3796,4134,7337,5689,7197,5443,885,1666,636,7339,4541,2123,1035,267,1757,5971,4271,699,6742,1773,1452,4627,2618,7608,7731,8021,4831,2368,1740,1113,4276,250,2702,3365,59,4428,3085,4017,2311,813,4682,3008,9129,1617,1315,3668,4399,5775,1277,641,2202,7586,5656,2636,7430,5965,5474,6154,3484,2905,392,2059,4076,949,3323,2178,8463,2376,1770,3485,1488
4034,2535,5378,1921,81,7840,4933,7176,1169,2178,7777,301,2777,2321,2141,2861,3749,22554,2942,528,3233,1271,732,3176,9189,2498,1609,1062,1117,2289,1456,2853,2068,167,36740,417,192,4831,2523,1653,1827,2815,1733,4301,3539,3126,3239,1763,135,1051,1546,2498,1418,653,2482,356,374,1253,4153,7549,992,3855,1114,5640,6237,4594,3071,1078,3429,6028,1228,5323,7224,3515,5868,4311,1647,739,2017,2098,1046,4665,5826,8313,2803,7689,8488,2478,3722,581,258,3048,379,4481,1907,4012,5041,2079,600,633,936,763,1982,2065,4239,11501,690,4202,232,3402,1304,162,4463,317,3450,6405,3494,1445,9089,4250,1044,1984,2186,1673,2825,1569,1017,3596,5594,2130,1423,7978,3734,9068,1073,2310,3159,7528,13250,1903,3079,2168,16095,5163,2938,2549,13227,4294,689,22108,190,5133,11204,2720,908,3061,3527,3341,9301,6720,766,7443,4748,1662,281,1089,1408,3900,7699,10234,111,4635,2626,6152,4291,10540,430,305,1135,7377,4592,6715,6490,6436,5122,7519,3219,2626,1248,2256,7163,12497,8816,3209,1979,2154,2047,693,91,5419,4734,71,1053,28659,2220,1595,8458,788,168,2234,3933,2882,979,1041,1380,1085,2653,4002,5058,2496,1199,23473,1364,4288,2874,7346,4113,5794,21955,3822,8448,10843,12885,2162,2366,3981,810,4139,451,3492,4152,1548,356,1700,2063,3913,4790,3730,5596,3218,5648,700,14586,529,1218,6982
4690,1535,1412,2076,4137,4026,7781,17993,782,6918,358,4472,5262,3434,8998,1898,1530,11559,4620,2807,4716,3971,4319,4170,4734,608,5703,1484,3230,1300,1601,18072,24671,859,1538,733,9656,6799,394,6502,825,3716,7456,2442,2625,3113,1386,2116,12856,1636,2995,2230,1442,11708,507,4277,4708,8784,2874,3947,2215,722,4444,15121,5729,2261,5038,2836,1594,5692,3085,2218,3924,2169,4121,91,5545,1898,5501,4807,3781,394,8695,2893,3798,3257,2257,3345,7775,1798,7186,4593,71,4617,6478,3269,4004,2494,3930,4261,3867,2829,2781,1527,2456,3353,1840,19548,4815,1703,6456,2417,2936,28,2306,5597,2803,2544,4691,4934,3178,8506,2507,3324,1291,3864,2519,7275,1900,2194,13992,1274,5161,7667,4949,787,880,4277,54,3930,4289,1622,4480,5224,15464,1637,24,5017,3998,6359,11358,1456,8028,1609,3602,4983,1395,1558,1075,384,3149,2257,242,2215,3863,963,630,1388,3180,7809,4526,732,3658,1852,1635,6097,3080,3959,2527,1630,322,7785,260,2146,3247,61,2603,5060,1865,14521,2328,1273,3429,6918,1662,116,2255,1824,6851,2717,42,2841,608,3709,6973,5577,5521,2067,4029,403,2341,1504,5398,8380,2495,13229,3537,6509,3016,4017,9320,18215,2262,2298,3832,2441,838,2798,1284,1479,5866,3474,2250,8975,1695,6069,3890,2689,5464,3158,386,236,4370,1554,2857,3435,5045,8179,1570,2656,79,1801,533,1999,3675,20213
4398,11635,3974,2699,940,14538,4292,2636,2906,16802,8991,1092,8143,10029,4898,7077,10789,1145,290,4328,1093,8389,177,1826,4110,2813,2690,17381,764,1833,4942,4365,1075,2847,4059,2523,2936,6709,7462,2779,3960,2983,1203,4349,3559,2750,3583,1910,1040,1000,3958,2405,1577,4662,3029,6190,9824,781,2583,1556,6297,783,1221,2947,1453,2770,2084,599,4369,548,7452,605,10762,8182,6965,6213,2115,1181,369,1395,99,7244,3530,1626,1069,5274,2472,1217,6930,10562,35,2040,3897,1909,678,2064,1446,1692,3002,852,6847,5260,5237,6136,2601,1962,2857,3876,446,7268,1555,234,4761,3317,2075,2275,287,22351,18201,829,1173,172,991,8321,1016,149,2257,5068,3631,358,2194,740,4633,39,1908,4654,2810,1752,4128,13927,2388,2488,1335,398,1975,1504,8467,3155,12984,7763,2052,499,6602,5828,968,2367,20987,3785,1215,3249,3758,4521,8115,3443,3182,3074,12649,11268,2436,5159,4422,474,1594,8664,3569,3566,806,2356,3597,2530,3211,7788,2374,2549,14581,3772,3460,7933,1042,4055,1868,3831,209,2272,8200,6212,5691,2383,10475,1026,2565,1960,4952,117,14622,4593,9863,1667,1155,5285,659,3881,1878,3360,1535,979,276,142,7429,4758,11673,6507,7339,1263,2362,5698,13234,6444,8891,5883,2229,1843,1426,1069,1592,951,3538,1987,5725,7951,1246,3769,2610,14,6045,1195,8412,3144,3185,249,8928,967,461,2076,606,1303
825,6647,2413,3923,23142,4921,2003,213,799,430,1200,5016,3593,3213,2195,4824,1640,3213,4966,3768,11733,9842,2541,1534,9801,2616,1978,1897,2008,5495,2813,1260,4459,663,5083,546,7213,6893,935,1630,722,1239,1188,30,173,18843,1305,4567,8583,4158,2165,7003,2993,1954,1155,1545,1279,2458,1575,3310,2663,16148,627,12302,4703,6787,1049,6331,21,1026,2483,3314,280,6142,933,2970,2368,2521,15188,8252,6186,5153,2234,2194,2005,1396,982,1680,5252,3899,3108,7890,3027,18952,2371,5119,2597,3221,9910,2527,749,1669,1419,12840,19,17122,2412,699,4313,2748,2193,2768,1469,5145,1125,5662,6124,1727,894,126,350,2326,1262,463,5703,1324,3879,2854,2102,79,3650,4244,5351,258,9248,5831,2135,2268,9900,6400,1903,323,3412,3949,12484,2768,568,3716,1993,2139,445,6256,9472,634,11926,1007,1163,2935,7849,6379,3524,811,4813,5313,992,527,4398,4442,2853,3270,1768,4133,2430,689,1190,2168,2730,3804,359,726,13317,8194,4133,476,2284,13146,819,2565,1603,1485,4477,848,5912,9291,1097,8237,785,7848,5558,3910,2723,11623,2790,1316,4130,11141,1247,1786,15429,2947,5665,2861,186,3458,2076,3478,4528,1530,1356,4837,13368,664,4666,2416,3152,2337,1364,1278,2744,2080,2805,8967,3082,2120,4730,5478,2079,1413,3548,252,2496,19368,9501,1385,7749,15891,2222,10530,1178,2695,3074,2852,1440,5411,7139,7519
4405,4114,4106,7867,3023,2360,20492,7987,3815,1872,7932,3360,9937,1593,1428,2122,2125,1838,6146,1002,4133,908,3186,7146,1341,2977,769,2292,20,905,6762,1220,1121,2519,5508,600,2789,1299,2619,3379,4932,4992,9416,700,498,2210,1458,4728,649,4841,4861,1835,2697,747,4927,15260,17822,3743,2619,18285,244,3146,1328,1838,3977,678,3088,1664,212,4271,3296,689,224,2102,3527,3830,2815,1442,8680,39,602,3900,1175,849,3074,9791,7221,891,147,1098,802,2589,1478,1328,464,605,2813,7141,25396,5612,3892,11229,8329,3622,5822,3550,2073,5335,771,2823,2553,7743,604,2309,3400,983,5140,964,1362,1351,2734,3221,2112,8291,4553,298,3319,1548,633,955,1548,2727,1886,4977,738,3378,3865,305,2410,3880,2705,14072,1965,2938,9732,2365,438,2592,3991,12519,192,1630,6154,6436,3394,2731,1034,11964,6633,8983,2086,4978,7981,7568,4157,4248,26814,4324,8070,7084,2523,2230,2412,10007,1978,1252,1061,15320,796,566,15629,4027,745,303,1152,2697,2231,4319,2621,660,1434,4879,5142,2661,6445,5760,8311,2967,2439,9897,10958,5321,757,4392,1571,1821,2401,6936,7018,725,6043,5219,10523,3534,2312,2133,3819,11768,5814,18026,1692,3650,1474,2706,58,1152,6088,1767,147,14318,3542,3892,3831,620,7147,1175,4037,1232,1275,232,4591,1917,1959,3653,5372,4974,656,4847,2000,6317,2761,2823,2669,4152,3735,1806
1974,2737,7474,2286,623,4062,3352,5,5323,6019,4141,2562,2687,2961,3296,21033,21552,2099,519,3758,2906,2539,618,3545,1552,3738,2490,1513,2775,11008,2129,12921,277,4075,1024,4290,2338,3493,3723,3040,2552,4986,2448,9137,720,2755,1422,6622,5066,5537,7243,4506,1608,2016,4140,4759,476,2747,2802,17375,32841,1461,9694,544,1370,2518,3038,3270,197,1211,1060,1934,247,2453,4397,5913,1979,1552,2007,2359,942,1474,8928,4860,3823,3506,234,1878,702,6637,5400,1671,1754,9122,3092,1370,2934,1204,2926,1235,22637,764,818,1595,29367,3725,1485,4310,463,4056,1781,779,7462,374,5355,1403,1275,8840,3156,2309,2483,8880,7584,8516,377,2120,2681,2025,565,19110,4923,3148,953,2521,4336,1771,2059,1528,10845,5775,109,379,2928,3521,1707,1419,6767,1471,955,869,1577,2944,204,3685,4874,5985,6098,782,3415,2837,6789,2255,9504,6242,2146,11470,2903,902,1694,2796,7042,3771,5761,2140,2778,3787,847,1671,3563,3122,707,7872,1805,3614,5161,2191,2043,8857,1736,1962,470,758,6214,584,4030,8751,4832,11884,2643,3826,1771,5014,9259,3334,838,3421,4160,6534,1879,2192,645,810,1383,9254,1914,3674,3572,2526,601,1931,14422,866,4633,7595,717,4871,6775,6171,3571,8905,1442,16552,379,9142,1015,3681,8300,138,1701,2941,6678,2520,861,1193,2599,4427,5796,4580,1937,382,564,7569,3848,599,2349,11791
5577,3057,5784,616,3872,97,916,1091,2054,748,5631,5779,4125,2495,15911,43,6726,8770,2852,4387,2007,1461,3178,1373,3778,13287,2964,1196,3143,1066,3187,169,1203,3872,19749,7068,3430,3859,1444,1734,5739,6551,1041,4497,1743,2593,2545,484,1975,5121,3118,3412,1271,469,973,2233,4950,1698,116,2298,2273,3057,1313,10143,3457,207,6491,7195,2576,1106,768,22468,5201,6247,1902,2083,1155,1748,547,2122,13766,3039,14959,3217,11744,2178,5352,925,10794,945,1565,1892,7211,3366,22878,358,940,1744,8409,461,1321,440,357,5811,5671,1943,9297,253,5719,2736,524,8877,2053,1280,1889,4979,939,2984,3245,7454,1276,4538,5439,2538,374,1954,4773,15535,8130,4314,1012,8773,1004,3967,2080,2955,907,1632,1769,1253,1848,5371,2222,1668,1041,2507,3367,3188,2803,4630,5455,4840,2429,3875,1642,6634,4077,5139,5612,2482,997,2467,3237,1344,4949,1953,1157,1685,764,1829,3508,5563,2829,15412,585,13523,4372,1462,709,2347,3393,3971,2132,8537,17149,15278,2202,5421,2789,10164,1676,2192,19143,8566,3107,1907,484,3828,425,1940,3101,2335,589,197,9107,896,1450,1555,1856,7652,940,4816,2852,1886,2033,3360,3635,2473,3256,2661,3567,5797,4595,12671,2709,1112,5539,1818,2101,7010,3797,9154,3555,4677,2684,1821,2692,2429,7298,5922,21095,4174,6905,114,8482,5253,1649,522,4633,3819,2454,330,4437,6919,7134,1469
2758,5003,4142,2034,4009,7242,4922,11742,1599,616,1876,5008,4279,6766,3102,3065,1612,901,2276,4431,6594,8718,8209,3715,3344,5212,3571,1309,5059,10611,5821,2608,3405,390,3210,5587,2201,7019,2975,12624,909,6664,437,10511,1110,1198,13577,12144,6183,140,1212,3471,363,5727,4078,2279,1399,1676,946,5343,2038,1372,4058,3750,3423,7017,3660,9477,3141,2184,5437,2791,2257,3489,1789,810,1615,2030,851,258,681,3505,1793,5569,2896,3450,5513,4337,604,2410,6610,2288,12678,500,2853,2379,4524,6440,258,6860,1322,3193,2633,4511,327,6085,5252,11630,10269,682,1296,1898,1440,6249,6042,929,4972,3853,1827,866,3693,2083,534,7722,5662,2081,4849,2282,2017,1730,1516,760,12068,8805,812,11282,1685,1512,1553,5124,5249,2999,660,6476,5246,2133,3411,1198,5228,6903,9235,2634,3146,1635,2632,1234,311,1094,1027,1014,1936,1579,3270,1058,302,1556,8304,3785,2421,1771,3856,7043,6390,3217,1524,5767,2243,7796,6815,6563,1603,1776,808,1761,1578,2160,8040,339,4445,2772,5506,3284,2155,12851,3165,14186,5665,2886,9049,424,5750,13464,4071,1054,1426,9671,2372,4434,4462,1176,3226,616,577,2769,1791,8437,857,3095,3297,992,16073,4449,1952,2558,207,7780,6076,262,12669,3157,6620,15311,2389,6522,564,17798,7017,5182,6273,1404,4371,5997,1152,735,1381,2711,2203,693,6420,4649,3264,15629,11441,413,583,1007
3833,4526,3557,11531,2407,3802,7860,12402,5162,6469,2075,2674,1181,1785,14762,1257,2645,2476,2640,2168,1638,2795,534,2921,5659,15755,899,12225,3466,819,14330,2977,7112,1344,4284,5068,1833,4047,3777,5256,885,4048,4508,3000,5899,3368,4483,2259,4189,2543,2712,2597,132,28174,15878,2120,5301,2322,6986,5577,4937,1735,2506,4397,5804,6518,5044,1569,7292,548,2616,4088,1287,4603,1462,901,1367,9988,2441,2124,5732,441,3668,1249,3534,3944,5479,2529,2024,3204,1712,1871,1139,2560,6514,4784,536,6400,8667,756,1183,4735,4122,1661,3539,2752,2122,9711,5286,371,3689,3605,1537,3232,270,3404,12656,7400,1091,1337,1647,4834,698,10560,2228,1423,2252,1060,3193,1882,7499,6140,3383,3701,4226,11203,3339,3784,3851,5571,4445,4327,6440,9987,17847,5741,3890,4896,2246,4869,55,1250,439,3397,4026,10642,6100,9711,1241,4788,1264,6513,2676,8681,2433,5344,3432,3356,2084,3860,2935,3282,606,1035,584,2708,892,5323,3089,1164,3931,2370,6379,75,6695,5871,816,1467,728,1766,1915,741,2540,899,1433,1711,1568,4560,8143,6325,1088,4971,7350,1814,2146,5928,2524,2741,3173,1132,2786,1756,1437,8458,1272,1730,7831,7422,946,4417,1691,2089,3472,2065,2152,1164,11001,5084,3363,4387,2124,7642,2556,1211,761,5374,2275,561,1575,6338,1274,2222,2496,3656,10727,9026,2717,4678,6056,2991,4053,4927,3817,2986,14389,704
2306,1882,5551,5238,2691,3500,1509,3250,430,548,917,6099,2889,5436,4392,8815,1003,6212,2933,19303,5573,2831,241,5581,2519,18250,2769,4269,10221,1051,7884,3376,4000,3986,3620,3279,4955,8027,815,9076,2614,1049,1699,2665,9131,1943,3856,5743,4217,1259,516,1228,9749,1451,4551,3784,998,2906,2709,8681,4074,1228,2157,1440,3798,1448,7810,759,3868,8096,3386,1773,3692,4048,5724,4602,125,479,7483,2955,18594,1423,4007,2469,679,1905,864,3472,3416,6953,3397,1315,2497,8617,2565,893,9681,3744,1981,2905,2317,1622,4892,4737,2324,4806,5128,4128,5389,4131,8324,2564,2582,425,9030,5536,4605,2837,8506,7343,2485,2164,8380,3036,3476,3919,1575,96,5114,1508,6717,4745,4307,5675,2660,7573,5058,5794,1290,5098,853,606,1320,3804,5117,6434,2021,8493,3203,1431,9166,1941,5393,3265,2595,9139,1491,2575,4096,1002,3288,186,3444,556,4651,4046,1725,2621,6987,3085,5621,14527,691,10817,121,4050,469,3064,3595,4952,2701,5525,6942,8373,3206,1762,1250,4702,11380,1851,1712,5937,2587,2148,4274,11072,4106,7526,9848,4000,675,3945,4425,1809,1185,5801,3845,564,1440,1095,4271,1569,3268,5462,686,3237,9986,3200,5147,9305,7277,4754,3346,2950,1377,7890,2295,7945,3442,1671,6397,1830,2640,1342,2859,5025,3647,381,4006,1571,2778,6818,2933,1083,7268,9582,1157,4804,5684,2926,1579,7656,324,950,771,1726
2735,1688,4492,3014,11766,3018,3510,4682,5106,2510,1042,2995,1346,7933,1314,292,8142,3675,3455,2042,448,3907,7200,3236,886,2955,4959,4867,485,1869,7721,26901,19469,2921,9769,8233,1594,5345,6566,6062,6441,2322,3441,4612,5602,2457,5375,2256,1352,384,3672,1375,7014,1538,1609,606,3436,277,4222,5684,1290,1742,2210,3579,2380,4783,3356,4477,2881,3143,8220,4303,8365,4797,7559,1980,2708,5106,261,991,3472,2555,1991,3019,4112,2329,2329,3165,1994,7678,2039,397,9388,9598,1539,5756,862,4809,5630,4413,1934,14998,8613,1569,2372,6034,1414,7232,9869,5286,7765,3371,3071,5391,1830,2350,2380,7517,6951,2519,2523,9798,1353,6451,5030,380,7218,834,20653,1176,3298,861,3472,3753,4983,2017,3909,2253,5871,2314,9689,4251,1777,6536,11033,1102,2943,9037,7891,2188,940,50,4939,2815,3571,885,3984,2161,9230,353,5075,10929,2315,12644,7079,2412,3621,5083,5786,2686,830,3134,1177,8042,7074,2597,1484,1901,2386,1617,2792,3995,1874,1185,2865,3350,2841,2613,8660,4244,1468,1812,2950,5499,3929,2510,3510,8235,1503,3401,2928,6574,3564,4271,428,3507,2156,5173,5065,4571,2439,340,2483,7869,749,5406,1757,3405,5089,3650,5795,6026,8858,15356,2299,1095,964,2068,2598,4512,419,1201,1878,9225,1572,4763,1861,2006,735,6128,2168,4290,1159,1485,3342,922,1377,1086,5353,3196,1533,1265,888,2504,874,4784
8598,3869,3098,3235,9060,7131,1114,533,8008,4806,3263,11681,6829,7238,9197,2316,1522,2292,2405,7246,2660,147,4481,3819,3376,11332,2715,2890,4657,2118,3939,884,552,6891,8493,3374,9554,5303,1928,1650,2173,1250,1476,3597,6638,4367,11293,1152,3035,1576,2541,696,4711,10523,1026,3239,1090,359,2675,1779,7170,3170,4654,1695,2350,6205,666,8491,7543,5155,4400,6707,5826,4203,5249,1477,1364,1951,6098,1214,3213,10509,2810,5492,9427,2897,2819,9675,3458,10380,3843,363,4747,1684,2750,5170,6354,1007,4412,7640,935,2139,2879,5648,1168,5073,2172,4419,2878,3044,3927,1181,5333,3723,2515,6644,1914,571,869,6121,4556,5658,5754,4240,6001,8571,3594,8991,1428,1058,1461,3590,2940,6844,2598,2135,7651,790,3540,2271,4524,2562,289,952,786,716,1104,3524,930,3954,6011,7657,5431,5244,2717,3787,1954,3833,6036,861,4492,5154,6525,4848,2360,4313,10619,1458,1840,19642,1964,2232,1556,1959,3031,7102,5779,7803,2114,5245,9847,3633,1565,2614,9449,199,4963,7432,790,5846,2809,17120,10170,3255,4374,5147,10393,11389,2216,839,2796,2654,525,499,4812,1694,2827,6104,840,3176,8771,2300,1552,4531,4727,2809,2396,3717,6514,5912,3932,3212,608,2357,1286,8745,1273,1397,2726,3426,1965,3598,2901,1498,4332,2301,2523,1133,4804,4132,3320,2398,5846,589,2550,4138,4752,383,763,5164,1808,2852,4732,3173,6637,1306
3015,5076,1941,2723,3874,2124,2526,3849,5498,5331,5997,928,2760,5936,5534,3376,2121,505,4459,3352,789,2726,1563,2928,8943,303,40,845,4282,1133,2200,887,4764,3437,2611,7805,3476,8459,3264,7521,13614,3804,3037,2170,6441,6811,5176,6646,2997,596,2907,2161,8258,2385,8667,1580,529,753,3683,1569,10669,2211,1209,1522,2756,3362,723,981,1000,4304,4717,3547,1260,912,4089,3817,4021,2900,2639,5306,1181,2193,15471,3948,3217,3349,1053,4215,4929,1538,5007,3195,346,4748,5631,540,3633,4914,7303,3998,1121,4471,2957,3097,1438,1925,1459,1605,2976,11226,2470,3833,1494,7031,2920,5740,7489,2418,4200,319,4473,4811,3160,290,4468,2119,4223,2467,8519,535,6731,3449,2209,8562,2771,1451,1826,3900,5041,2484,3772,11659,4556,2527,5091,6845,1136,1971,6361,4172,10763,6159,2034,3030,4560,2040,1384,1868,1085,1654,3285,15477,2973,2605,1589,7929,3102,3005,6929,2094,6191,5568,3586,1689,4260,2476,2792,6926,7663,2705,4830,500,1138,3343,2360,4327,11124,389,3178,2111,5282,9381,12294,1196,6866,1477,9902,1484,2431,3398,4193,8364,11133,2872,6096,5064,1338,17151,2702,1205,2614,3114,5124,8736,2670,2743,160,4994,6054,2120,2759,1295,6249,2994,2240,8736,4079,2129,10294,919,10293,6034,1131,4453,7331,1298,21703,427,5563,8987,7673,1074,1394,3704,3108,2397,4618,3985,5878,707,3883,2578,6701,3021,2336,3479
1260,8177,6388,14724,1107,1117,4734,2949,4997,1652,9491,6313,9971,3568,6501,1474,3836,2271,1030,5696,10591,2800,366,5698,1624,5822,983,4495,4821,12327,2738,5579,3645,12666,511,7584,1236,7171,2338,1635,4386,1079,624,4093,898,3922,2650,1772,3929,3900,1521,4691,3430,6134,3745,1215,464,5142,10270,7632,5066,177,8540,3769,3061,3096,7931,1501,1988,8055,2604,792,7281,1878,4140,3174,573,2804,1740,10965,5320,1504,7294,2793,1824,1689,3129,1539,3015,12224,3761,7046,14,3119,1512,2133,552,2890,1748,2116,1770,940,2333,4493,4036,11895,2700,2537,3049,790,2821,3257,4288,6145,3018,1564,2687,892,2530,1164,7489,2221,4213,3080,1853,2788,5120,5124,4109,3960,2013,2689,3704,3538,2801,12512,5262,2980,1897,1245,3222,2472,10292,1299,6194,4807,2317,4008,1368,5105,3024,1962,7697,6272,1397,3324,6975,2012,1502,3350,869,3860,5111,14771,922,5802,4329,4873,10604,21673,7093,3566,1369,3228,3653,2172,6566,7195,429,2863,2999,2118,9414,1802,5201,782,2972,675,6772,1444,2699,4507,4509,5755,7373,962,6394,695,990,4561,2502,5098,1953,1718,564,1090,1991,1585,608,2595,3659,2863,1822,2904,2772,4427,588,1192,1073,15273,1371,4433,11024,3019,1908,2640,1257,8432,1602,1192,10189,1364,2143,11415,9211,5772,2570,3355,5641,773,6333,3458,1039,781,4025,4118,3179,1248,91,8555,927,17594,5329,1046,8043,12364
