role,kernel,grid,block,calls_per_step,time_us_per_step,rank_min_us,rank_max_us,mean_call_us,p50_call_us,p90_call_us,p99_call_us,launch_occupancy_pct
Target routed W4 MoE,marlin_moe_wna16::Marlin,396x1x1,128x1x1,289.5,9338.108458333334,8895.612833333334,9663.425333333334,32.25598776626367,28.991,64.191,115.389,0
TP custom all-reduce,vLLM custom all-reduce,6x1x1,512x1x1,166.0,8939.828083333334,7002.797166666667,11083.032833333333,53.85438604417671,5.472,90.142,945.227,1
Target W4 Machete,Machete GEMM,1x132x1,384x1x1,312.0,3796.142375,3758.5205,3829.1366666666668,12.167122996794872,13.28,17.312,26.816,0
DCP LSE all-gather,NCCL AllGather,1x1x1,128x1x1,81.0,2385.7260833333335,1592.668,3037.8841666666667,29.45340843621399,6.144,7.52,935.02,0
Vocabulary all-gather,NCCL AllGather,16x1x1,512x1x1,3.0,1299.4342083333333,722.1496666666667,1738.5751666666665,433.1447361111111,389.303,847.438,1115.112,0
DCP query all-gather,NCCL AllGather,18x1x1,512x1x1,79.0,1209.2471249999999,1121.2753333333333,1427.3521666666666,15.306925632911392,9.536,12.992,17.6,0
Sparse MLA,sm90::decode::sparse_fp8::flash_fwd_splitkv_mla_fp8_sparse_kernel,1x4x33,384x1x1,79.0,1191.1207083333334,1185.8415,1195.6965,15.077477320675104,15.072,15.232,15.392,0
DCP query all-gather,NCCL AllGather,4x1x1,512x1x1,2.0,1041.6491666666666,596.8405,1383.6335,520.8245833333333,606.675,852.813,880.333,0
DCP candidate all-gather,NCCL AllGather,4x1x1,512x1x1,2.0,949.231,519.8338333333334,1261.6783333333333,474.6155,526.101,798.638,842.829,0
Routed MoE support,vllm::moe::moe_sum_vec_kernel,12x1x1,256x1x1,144.75,918.3195000000001,888.4361666666667,944.549,6.344176165803109,5.376,8.0,26.655,1
Target QKV-A W4,marlin::Marlin,132x1x1,128x1x1,78.0,877.5625,872.3708333333333,884.5614999999999,11.250801282051281,11.2,11.648,12.064,0
DCP reduce-scatter,NCCL ReduceScatter,16x1x1,512x1x1,79.0,875.5452083333333,752.4490000000001,976.3575,11.082850738396624,7.264,8.416,10.015,0
Routed MoE support,vllm::act_and_mul_kernel,32x1x1,256x1x1,144.75,738.92,723.9605,756.7581666666666,5.104801381692574,3.168,10.048,26.528,3
Sparse MLA,smxx::decode::flash_fwd_mla_combine_kernel,1x4x8,256x1x1,79.0,706.9135000000001,698.5658333333334,713.2791666666667,8.948272151898735,8.96,9.151,9.248,3
Vocabulary GEMM,nvjet_sm90_tst_192x8_64x8_2x1_v_bz_TNT,2x66x1,384x1x1,4.0,587.5149583333333,585.6353333333333,589.0158333333333,146.87873958333333,147.42,148.061,148.957,0
DCP candidate all-gather,NCCL AllGather,16x1x1,512x1x1,22.0,547.33175,363.9433333333333,764.2978333333334,24.878715909090907,10.72,14.527,509.237,0
DCP reduce-scatter,NCCL ReduceScatter,4x1x1,512x1x1,2.0,497.4890416666667,293.8333333333333,659.5855,248.74452083333333,287.865,397.783,407.383,0
Routed MoE support,vllm::moe::moe_align_block_size_kernel,2x1x1,1024x1x1,144.75,480.02116666666666,476.7036666666666,483.62433333333337,3.316208405296488,3.328,3.488,3.936,1
Elementwise and metadata,at::native::vectorized_elementwise_kernel,1x1x1,128x1x1,361.75,442.8740416666667,435.6995,455.87850000000003,1.2242544344621056,1.152,1.728,1.92,0
MTP FP8 block,deep_gemm::fp8_gemm_kernel_swapAB,132x1x1,384x1x1,24.0,367.35295833333333,354.0465,382.9256666666667,15.306373263888888,10.016,37.055,63.071,0
MLA/DSA BF16 GEMMs,nvjet_sm90_tst_64x8_64x16_4x1_v_bz_NNT,4x16x1,384x1x1,81.0,336.37766666666664,334.99516666666665,337.1515,4.1528106995884775,4.16,4.288,4.512,0
Routed MoE support,vllm::moe::count_and_sort_expert_tokens_kernel,1x1x1,256x1x1,144.75,333.5160833333333,326.1358333333333,338.46933333333334,2.3040834772596432,2.304,2.592,2.944,0
DSA top-k,vllm::cooperative::cooperative_topk_cs8,4x8x1,1024x1x1,22.0,314.35325,312.5216666666667,317.4918333333333,14.288784090909092,14.239,14.975,15.488,0
Routed MoE support,vllm::moe::grouped_topk_fused_small_expert_count_kernel,4x1x1,384x1x1,78.0,312.91541666666666,310.8421666666666,315.3275,4.011736111111111,3.84,4.032,8.415,1
MLA/DSA BF16 GEMMs,nvjet_sm90_tst_64x8_64x16_2x1_v_bz_TNT,2x64x1,384x1x1,81.0,306.25708333333336,305.68533333333335,307.1615,3.780951646090535,3.776,3.904,4.096,0
DSA full-context scan,deep_gemm::sm90_fp8_paged_mqa_logits,132x1x1,640x1x1,24.0,294.487125,293.4551666666667,295.43350000000004,12.270296875,12.672,12.991,13.248,0
Memsets,Memset ,,,242.0,292.7745,291.71666666666664,294.1028333333333,1.2098119834710743,1.184,1.376,1.824,
DSA top-k,DCP stable top-k,4x1x1,512x1x1,22.0,287.8686666666667,287.17733333333337,288.1275,13.084939393939393,13.344,14.24,15.296,1
Target MoE router,BF16 router GEMM,256x1x1,128x1x1,75.0,265.93375,265.1508333333333,267.5515,3.5457833333333335,3.52,3.68,4.448,12
Elementwise and metadata,at::native::elementwise_kernel,256x1x1,128x1x1,101.0,215.520625,215.01416666666668,215.99483333333333,2.133867574257426,2.207,2.24,2.272,12
Elementwise and metadata,triton_red_fused_fused_add_rms_norm_moe_forward_shared_0,4x1x1,512x1x1,77.25,215.17325,212.4271666666667,218.25133333333335,2.7854142394822006,2.752,3.008,3.359,1
Elementwise and metadata,at::native::elementwise_kernel,288x1x1,128x1x1,79.0,204.51258333333334,201.27016666666668,206.58166666666668,2.588766877637131,2.592,2.656,2.784,14
Elementwise and metadata,at::native::elementwise_kernel,64x1x1,128x1x1,79.0,178.23075,177.52683333333334,178.84916666666666,2.256085443037975,2.24,2.304,2.336,3
DCP/index metadata,_convert_req_index_to_global_index_kernel,4x16x1,128x1x1,79.0,169.636,168.13000000000002,171.79016666666666,2.1472911392405063,2.144,2.272,2.432,3
Elementwise and metadata,at::native::,264x2x1,512x1x1,81.0,162.97883333333334,162.58166666666668,163.34016666666668,2.012084362139918,2.016,2.08,2.176,100
Elementwise and metadata,triton_poi_fused_mul_silu_slice_0,4x1x1,256x1x1,78.0,145.271875,141.666,148.553,1.8624599358974359,1.888,2.208,4.704,0
Attention/index support,vllm::concat_and_cache_ds_mla_kernel,4x1x1,96x1x1,81.0,145.08108333333334,138.09799999999998,151.61783333333332,1.791124485596708,1.792,1.952,2.08,0
DCP LSE correction,_correct_attn_cp_out_kernel,4x64x1,128x1x1,79.0,132.30475,130.03866666666667,133.94916666666666,1.674743670886076,1.664,1.728,1.824,12
Elementwise and metadata,at::native::elementwise_kernel,1x1x1,128x1x1,83.0,119.35608333333333,115.73583333333333,122.723,1.4380251004016065,1.44,1.568,1.728,0
Elementwise and metadata,at::native::vectorized_elementwise_kernel,24x1x1,128x1x1,69.75,98.87199999999999,97.46833333333332,100.21633333333334,1.4175197132616488,1.344,1.824,2.368,1
Elementwise and metadata,memcpy32_post,48x1x1,256x1x1,78.0,97.19516666666667,95.88566666666667,98.32783333333333,1.2460918803418803,1.12,1.728,2.112,5
Elementwise and metadata,triton_red_fused_4,8x1x1,256x1x1,43.0,94.22437500000001,2.122666666666667,125.29833333333335,2.191264534883721,2.176,2.336,2.464,1
Elementwise and metadata,at::native::vectorized_elementwise_kernel,8x1x1,128x1x1,109.0,92.22604166666667,91.23533333333334,94.07249999999999,0.8461104740061162,0.832,0.896,1.024,0
Elementwise and metadata,triton_red_fused_fused_add_rms_norm_marlin_gemm_2,1x1x1,1024x1x1,14.0,90.44466666666666,0.0,361.77866666666665,6.460333333333334,6.432,6.688,6.912,0
Elementwise and metadata,triton_red_fused_fused_add_rms_norm_marlin_gemm_2,4x1x1,512x1x1,28.5,84.04708333333333,0.0,170.73716666666667,2.9490204678362573,2.944,3.136,3.296,1
MLA/DSA BF16 GEMMs,nvjet_sm90_tst_64x8_64x16_4x1_v_bz_TNT,4x16x1,384x1x1,10.75,81.392875,0.0,158.406,7.571430232558139,7.552,7.744,8.448,0
Elementwise and metadata,memcpy32_post,1x1x1,256x1x1,78.0,74.10391666666666,69.66833333333334,79.268,0.9500502136752137,0.96,1.056,1.088,0
Elementwise and metadata,triton_tem_fused_mm_t_7,128x1x1,64x1x1,9.5,71.99175,0.0,152.023,7.578078947368421,7.552,7.839,8.191,3
MTP BF16 projection,nvjet_sm90_tst_192x8_64x8_2x1_v_bz_splitK_TNT,2x64x1,384x1x1,1.5,71.66116666666666,0.0,143.81033333333332,47.77411111111111,47.007,50.463,50.655,0
Attention/index support,smxx::decode::get_mla_metadata_kernel,1x1x1,32x1x1,4.0,65.52758333333333,65.34683333333334,65.69983333333333,16.381895833333335,24.927,25.407,25.599,0
MLA/DSA BF16 GEMMs,nvjet_sm90_tss_64x8_64x16_1x1_h_bz_TNT,1x96x1,384x1x1,15.0,51.08045833333333,7.066666666666666,68.55333333333333,3.4053638888888886,3.392,3.552,3.712,0
Attention/index support,_fused_indexer_q_rope_quant_kernel,4x32x1,32x1x1,24.0,50.44929166666667,48.54833333333334,52.799,2.1020538194444445,2.112,2.272,2.4,2
Elementwise and metadata,triton_red_fused_fused_add_rms_norm_marlin_gemm_2,4x1x1,256x1x1,14.25,49.94708333333333,0.0,199.78833333333333,3.5050584795321638,3.488,3.68,3.84,0
Attention/index support,vllm::indexer_k_quant_and_cache_kernel,4x1x1,32x4x1,22.0,40.647125,39.737833333333334,41.1515,1.847596590909091,1.856,1.952,2.048,0
Elementwise and metadata,triton_poi_fused_add_copy_index_select_mul_slice_split_stack_sub_unsqueeze_view_5,256x1x1,64x1x1,28.25,39.257875,0.0,79.10233333333333,1.3896592920353983,1.376,1.472,1.536,6
Elementwise and metadata,triton_poi_fused_3,1x1x1,64x1x1,28.5,38.70433333333334,0.0,80.16333333333333,1.358046783625731,1.344,1.44,1.568,0
MTP BF16 projection,triton_tem_fused_mm_t_3,96x1x1,128x1x1,0.75,38.11116666666667,0.0,152.44466666666668,50.81488888888889,50.239,53.599,53.823,0
MTP BF16 projection,triton_tem_fused_mm_t_3,192x1x1,64x1x1,0.75,37.77379166666667,0.0,151.09516666666667,50.36505555555556,49.823,52.734,53.119,5
MLA/DSA BF16 GEMMs,nvjet_sm90_tst_64x8_64x16_4x1_v_bz_splitK_TNT,4x4x1,384x1x1,7.5,35.62741666666667,14.277,99.24616666666667,4.750322222222222,4.736,4.896,5.024,0
Explicit copies,Memcpy HtoD ,,,29.0,35.61929166666667,33.279666666666664,39.44983333333334,1.2282514367816093,0.864,2.08,3.232,
DCP/index metadata,_pack_dcp_topk_candidates_triton_kernel,4x4x1,256x1x1,22.0,35.052625,34.938,35.13466666666667,1.5933011363636365,1.599,1.664,1.792,2
MTP FP8 block,tensorrt_llm::kernels::fp8_blockscale_gemm::scale_1x128_kernel,1056x1x1,256x1x1,18.0,33.3635,33.00716666666667,33.90333333333333,1.8535277777777779,1.696,2.4,2.688,100
Elementwise and metadata,at::native::reduce_kernel,1x19x1,512x1x1,4.0,33.29266666666667,33.0925,33.482166666666664,8.323166666666667,8.288,8.639,8.992,4
Elementwise and metadata,triton_red_fused_4,8x1x1,128x1x1,14.0,30.45679166666667,0.0,121.82716666666668,2.175485119047619,2.176,2.304,2.4,0
Elementwise and metadata,triton_red_fused_fused_add_rms_norm_2,4x1x1,1024x1x1,10.0,29.341916666666663,0.0,68.0085,2.9341916666666665,3.168,3.52,3.712,2
DSA top-k,vllm::cooperative::cooperative_topk_cs8,1x8x1,1024x1x1,2.0,28.794125,28.340833333333336,29.30633333333333,14.3970625,14.432,14.719,15.295,0
Elementwise and metadata,triton_poi_fused_add_mul_1,384x1x1,64x1x1,19.5,25.46075,0.0,97.5605,1.3056794871794872,1.312,1.408,1.536,9
Elementwise and metadata,triton_red_fused_6,2x1x1,256x1x1,5.0,25.0515,0.0,100.206,5.0103,5.056,5.344,5.568,0
Explicit copies,Memcpy DtoD ,,,25.0,24.588625,24.3195,24.778000000000002,0.983545,0.832,1.12,3.648,
Elementwise and metadata,triton_red_fused_6,2x1x1,128x1x1,6.5,24.33804166666667,0.0,86.61116666666668,3.7443141025641027,3.744,4.032,4.288,0
Elementwise and metadata,triton_poi_fused_add_mul_1,384x1x1,32x1x1,18.75,24.016583333333333,0.0,96.06633333333333,1.2808844444444445,1.28,1.376,1.503,5
MTP FP8 block,tensorrt_llm::kernels::fp8_blockscale_gemm::scale_1x128_kernel,132x1x1,256x1x1,6.0,23.908916666666666,22.373333333333335,24.858166666666666,3.9848194444444447,3.776,4.864,5.824,13
Elementwise and metadata,triton_poi_fused_add_mul_1,192x1x1,256x1x1,18.75,23.574125,0.0,94.2965,1.2572866666666667,1.248,1.344,1.472,18
Sparse MLA,sm90::decode::sparse_fp8::flash_fwd_splitkv_mla_fp8_sparse_kernel,1x1x132,384x1x1,2.0,22.243708333333334,22.133166666666668,22.485,11.121854166666667,11.136,11.296,11.456,0
Elementwise and metadata,at::native::unrolled_elementwise_kernel,1x1x1,128x1x1,19.0,22.179291666666668,21.8715,22.383,1.1673311403508773,1.12,1.44,1.696,0
DSA top-k,DCP stable top-k,1x1x1,512x1x1,2.0,22.006541666666667,21.877333333333336,22.079833333333337,11.003270833333334,10.976,12.8,13.247,0
Sparse MLA,smxx::decode::flash_fwd_mla_combine_kernel,1x1x8,256x1x1,2.0,21.578416666666666,19.546333333333333,22.623499999999996,10.789208333333333,11.263,11.424,11.616,1
Elementwise and metadata,triton_poi_fused_add_copy_index_select_mul_slice_split_stack_sub_unsqueeze_view_5,256x1x1,128x1x1,14.5,20.760666666666665,0.0,81.76833333333333,1.4317701149425286,1.439,1.504,1.664,12
MTP FP8 block,tensorrt_llm::kernels::cutlass_kernels::finalizeMoeRoutingKernel,4x1x1,256x1x1,3.0,19.559541666666668,18.1435,21.7115,6.519847222222222,6.368,8.064,9.312,0
Elementwise and metadata,triton_poi_fused_add_copy_index_select_mul_slice_split_stack_sub_unsqueeze_view_5,64x1x1,256x1x1,14.25,19.231416666666664,0.0,76.92566666666666,1.3495730994152046,1.344,1.44,1.632,6
Elementwise and metadata,triton_poi_fused_add_mul_1,384x1x1,128x1x1,14.75,19.034333333333333,0.0,71.90283333333333,1.2904632768361581,1.28,1.408,1.504,18
Elementwise and metadata,triton_red_fused_fused_add_rms_norm_2,2x1x1,512x1x1,5.0,18.649125,0.0,74.5965,3.729825,3.744,3.903,4.064,0
Elementwise and metadata,triton_poi_fused_3,8x1x1,64x1x1,14.25,18.428875,0.0,73.7155,1.2932543859649124,1.28,1.344,1.664,0
Elementwise and metadata,triton_poi_fused_3,2x1x1,256x1x1,14.25,18.26625,0.0,73.065,1.281842105263158,1.28,1.344,1.44,0
Vocabulary all-gather,NCCL AllGather,24x1x1,512x1x1,1.0,17.660833333333333,15.732999999999999,19.657999999999998,17.660833333333333,17.632,24.095,24.415,0
Elementwise and metadata,triton_red_fused_fused_add_rms_norm_2,4x1x1,512x1x1,5.0,14.574458333333332,0.0,58.29783333333333,2.9148916666666667,2.912,3.072,3.232,1
MTP FP8 block,tensorrt_llm::kernels::cutlass_kernels::fusedBuildExpertMapsSortFirstTokenKernel,1x1x1,32x1x1,3.0,13.603791666666666,12.896,14.554166666666667,4.534597222222222,4.639,4.992,5.696,0
Elementwise and metadata,cublasLt::splitKreduce_kernel,5x1x1,32x16x1,7.5,11.901333333333334,4.661333333333333,33.461333333333336,1.5868444444444445,1.568,1.664,1.824,1
Elementwise and metadata,triton_red_fused_add_fused_add_rms_norm_rms_norm_2,1x1x1,128x1x1,0.75,11.78775,0.0,47.151,15.717,15.84,16.639,17.376,0
Elementwise and metadata,at::native::index_elementwise_kernel,1x1x1,128x1x1,7.0,11.738416666666666,11.215166666666667,12.031833333333333,1.6769166666666666,1.664,1.856,2.112,0
Elementwise and metadata,router_gemm_kernel_float_output,256x1x1,128x1x1,3.0,10.567791666666668,10.463666666666667,10.698666666666668,3.522597222222222,3.488,3.712,3.968,12
DSA full-context scan,deep_gemm::sched::smxx_paged_mqa_logits_metadata,1x1x1,32x1x1,4.0,9.709125,9.567833333333333,9.9145,2.42728125,2.464,2.528,2.624,0
Elementwise and metadata,triton_poi_fused_5,2x1x1,256x1x1,6.25,9.545124999999999,0.0,35.428666666666665,1.52722,1.504,1.664,1.792,0
Elementwise and metadata,triton_per_fused__to_copy_native_layer_norm_slice_4,2x1x1,64x1x1,6.25,9.206625,0.0,31.269166666666667,1.47306,1.472,1.6,1.76,0
Elementwise and metadata,at::native::vectorized_elementwise_kernel,6x1x1,128x1x1,9.0,8.850458333333334,8.762500000000001,8.922333333333333,0.9833842592592593,0.992,1.056,1.216,0
MTP FP8 block,tensorrt_llm::kernels::cutlass_kernels::expandInputRowsKernel,32x1x1,256x1x1,3.0,8.185041666666667,7.551666666666667,8.703666666666667,2.7283472222222223,2.687,3.2,3.328,3
Elementwise and metadata,at::native::unrolled_elementwise_kernel,12x1x1,128x1x1,3.0,7.858583333333333,7.552,8.191833333333333,2.619527777777778,2.592,2.912,3.296,1
Elementwise and metadata,at::native::reduce_kernel,3x19x1,256x2x1,1.0,7.791916666666666,7.616,7.9624999999999995,7.791916666666666,7.839,8.032,8.096,11
Elementwise and metadata,triton_red_fused_fused_add_rms_norm_2,1x1x1,128x1x1,0.5,7.745208333333332,0.0,15.509166666666665,15.490416666666667,15.455,15.648,15.839,0
Elementwise and metadata,triton_red_fused_5,8x1x1,512x1x1,4.5,7.645166666666667,0.0,30.58066666666667,1.698925925925926,1.664,1.856,1.92,2
Elementwise and metadata,at::native::reduce_kernel,1x1x1,512x1x1,3.0,7.573166666666666,7.295999999999999,7.776,2.524388888888889,2.496,2.688,2.944,0
Elementwise and metadata,triton_red_fused_6,8x1x1,512x1x1,4.5,7.553166666666667,0.0,30.212666666666667,1.6784814814814815,1.664,1.824,2.016,2
Elementwise and metadata,triton_poi_fused_add_copy_index_select_mul_slice_split_stack_sub_unsqueeze_view_8,64x1x1,64x1x1,5.25,7.311749999999999,0.0,25.27933333333333,1.3927142857142858,1.376,1.504,1.632,2
Elementwise and metadata,triton_per_fused__to_copy_native_layer_norm_slice_4,2x1x1,32x1x1,5.25,7.285083333333333,0.0,24.8845,1.3876349206349206,1.376,1.504,1.632,0
Elementwise and metadata,triton_poi_fused_5,4x1x1,256x1x1,5.0,7.142499999999999,0.0,28.569999999999997,1.4284999999999999,1.44,1.504,1.696,0
MTP FP8 block,tensorrt_llm::kernels::cutlass_kernels::doActivationKernel,32x1x1,256x1x1,3.0,7.131958333333333,6.96,7.327833333333333,2.3773194444444443,2.464,2.624,2.784,3
Elementwise and metadata,triton_poi_fused_5,8x1x1,64x1x1,5.0,6.542625,0.0,26.1705,1.308525,1.312,1.408,1.472,0
Elementwise and metadata,triton_poi_fused_add_copy_index_select_mul_slice_split_stack_sub_unsqueeze_view_6,256x1x1,128x1x1,4.75,6.510541666666666,0.0,26.042166666666663,1.370640350877193,1.376,1.44,1.504,12
Elementwise and metadata,triton_per_fused__to_copy_native_layer_norm_slice_4,4x1x1,32x1x1,5.0,6.443874999999999,0.0,25.775499999999997,1.288775,1.312,1.408,1.536,0
Elementwise and metadata,triton_per_fused__to_copy_native_layer_norm_slice_3,2x1x1,64x1x1,4.5,6.404958333333333,0.0,25.619833333333332,1.423324074074074,1.408,1.568,1.664,0
Elementwise and metadata,triton_poi_fused_4,8x1x1,128x1x1,4.75,6.403958333333333,0.0,25.61583333333333,1.3482017543859648,1.344,1.408,1.504,0
Elementwise and metadata,at::native::index_elementwise_kernel,12x1x1,128x1x1,2.0,6.297125,6.1705000000000005,6.469166666666666,3.1485625,3.072,3.456,3.52,1
Elementwise and metadata,triton_poi_fused_add_copy_index_select_mul_slice_split_stack_sub_unsqueeze_view_7,64x1x1,128x1x1,4.75,6.1905,0.0,23.498,1.303263157894737,1.28,1.408,1.472,3
Elementwise and metadata,triton_per_fused_mm_t_3,20x1x1,32x1x1,5.0,5.9385,0.0,21.444666666666667,1.1877,1.184,1.247,1.344,0
Elementwise and metadata,triton_poi_fused_add_mul_1,192x1x1,128x1x1,4.5,5.692,0.0,22.768,1.264888888888889,1.248,1.344,1.44,9
Elementwise and metadata,at::native::unrolled_elementwise_kernel,303x1x1,128x1x1,2.0,5.221333333333334,4.986666666666667,5.397333333333333,2.6106666666666665,2.624,3.04,3.072,14
Elementwise and metadata,triton_red_fused_1,4x1x1,512x1x1,2.25,5.169208333333334,0.0,7.077166666666667,2.2974259259259258,2.272,2.464,2.688,1
Elementwise and metadata,at::native::elementwise_kernel,24x1x1,128x1x1,3.0,4.727875,4.576,4.874666666666667,1.5759583333333333,1.568,1.696,1.888,1
Elementwise and metadata,triton_red_fused_fused_add_rms_norm_machete_mm_0,4x1x1,512x1x1,1.5,4.492,0.0,9.013333333333334,2.994666666666667,2.976,3.104,3.232,1
Elementwise and metadata,triton_red_fused_add_fused_add_rms_norm_rms_norm_2,4x1x1,1024x1x1,1.5,4.326541666666667,0.0,8.751833333333334,2.884361111111111,2.912,3.008,3.071,2
Elementwise and metadata,at::native::index_elementwise_kernel,4x1x1,128x1x1,1.0,4.253208333333333,4.165333333333334,4.389333333333334,4.253208333333333,4.224,4.416,4.544,0
MLA/DSA BF16 GEMMs,nvjet_sm90_tss_64x8_64x16_4x1_v_bz_TNT,4x24x1,384x1x1,1.25,4.189208333333333,0.0,10.106333333333334,3.3513666666666664,3.36,3.52,3.584,0
Elementwise and metadata,at::native::index_elementwise_kernel,303x1x1,128x1x1,1.0,4.119958333333333,4.042666666666666,4.208,4.119958333333334,4.16,4.256,4.32,14
Elementwise and metadata,triton_red_fused_fused_add_rms_norm_machete_mm_0,4x1x1,1024x1x1,1.5,4.069166666666667,0.0,8.202333333333334,2.7127777777777777,2.72,2.848,3.104,2
DCP/index metadata,_convert_req_index_to_global_index_kernel,1x16x1,128x1x1,2.0,3.9039166666666665,3.8183333333333334,3.968,1.9519583333333332,1.92,2.112,2.208,1
Explicit copies,Memcpy DtoH ,,,2.0,3.883916666666667,3.701,4.1386666666666665,1.9419583333333335,1.856,2.56,3.296,
Elementwise and metadata,at::native::,1x1x1,1x1x1,2.0,3.6919583333333335,3.594666666666667,3.7386666666666666,1.8459791666666667,1.824,1.984,2.112,0
Elementwise and metadata,triton_tem_fused_mm_t_6,128x1x1,64x1x1,0.5,3.6492916666666666,0.0,7.354666666666667,7.298583333333333,7.295,7.424,7.808,3
Attention/index support,vllm::indexer_k_quant_and_cache_kernel,1x1x1,32x4x1,2.0,3.622583333333333,3.4665,3.84,1.8112916666666667,1.824,1.92,2.144,0
Elementwise and metadata,_prepare_uniform_decode_kernel,4x1x1,128x1x1,2.0,3.5065,3.439666666666667,3.5945,1.75325,1.792,1.983,2.08,0
Elementwise and metadata,triton_red_fused_eq_rms_norm_scalar_tensor_unsqueeze_where_2,4x1x1,256x1x1,1.5,3.491916666666667,0.0,7.551833333333334,2.3279444444444444,2.304,2.592,2.72,0
Elementwise and metadata,at::native::elementwise_kernel,1210x1x1,128x1x1,1.0,3.3079166666666664,3.264,3.3706666666666667,3.307916666666667,3.296,3.424,3.52,57
Elementwise and metadata,at::native::_scatter_gather_elementwise_kernel,1x1x1,128x1x1,2.0,3.2039166666666667,3.1253333333333333,3.2744999999999997,1.6019583333333334,1.631,1.728,1.888,0
DCP LSE correction,_correct_attn_cp_out_kernel,1x64x1,128x1x1,2.0,3.0119583333333333,2.9171666666666667,3.1519999999999997,1.5059791666666666,1.504,1.568,1.6,3
Elementwise and metadata,triton_red_fused_fused_add_rms_norm_2,1x1x1,256x1x1,0.25,3.0079583333333333,0.0,12.031833333333333,12.031833333333333,12.032,12.288,12.288,0
Elementwise and metadata,at_cuda_detail::cub::detail::scan::DeviceScanKernel,1x1x1,128x1x1,2.0,2.9013333333333335,2.8266666666666667,2.986666666666667,1.4506666666666665,1.44,1.6,1.824,0
Elementwise and metadata,at::native::unrolled_elementwise_kernel,908x1x1,128x1x1,1.0,2.8840000000000003,2.8373333333333335,2.9120000000000004,2.884,2.88,2.944,2.976,43
Elementwise and metadata,triton_red_fused_fused_add_rms_norm_2,2x1x1,128x1x1,0.25,2.86125,0.0,11.445,11.445,11.52,11.551,11.551,0
Elementwise and metadata,triton_red_fused_7,2x1x1,128x1x1,0.75,2.8212083333333333,0.0,11.284833333333333,3.7616111111111112,3.808,4.064,4.192,0
Elementwise and metadata,eagle_step_slot_mapping_metadata_kernel,4x1x1,128x1x1,2.0,2.74525,2.6186666666666665,2.8373333333333335,1.372625,1.376,1.536,1.632,0
DCP/index metadata,_pack_dcp_topk_candidates_triton_kernel,1x4x1,256x1x1,2.0,2.628,2.6133333333333333,2.6506666666666665,1.314,1.312,1.344,1.44,0
Elementwise and metadata,triton_red_fused_7,2x1x1,256x1x1,0.75,2.5652916666666665,0.0,10.261166666666666,3.4203888888888887,3.392,3.776,3.808,0
Elementwise and metadata,_compute_slot_mapping_kernel,2x1x1,128x1x1,1.0,2.5479583333333333,2.4746666666666663,2.6186666666666665,2.5479583333333333,2.56,2.656,2.72,0
Elementwise and metadata,cublasLt::splitKreduce_kernel,192x1x1,32x16x1,1.5,2.5399583333333333,0.0,5.103833333333333,1.6933055555555554,1.696,1.727,1.76,36
Elementwise and metadata,triton_poi_fused_add_copy_index_select_mul_slice_split_stack_sub_unsqueeze_view_7,32x1x1,256x1x1,1.5,2.523875,0.0,5.717,1.6825833333333333,1.856,1.92,1.952,3
Elementwise and metadata,triton_red_fused_rms_norm_4,2x1x1,512x1x1,0.75,2.493208333333333,0.0,9.972833333333332,3.3242777777777777,3.36,3.519,3.552,0
Elementwise and metadata,compute_cuda_kernel,1x1x1,512x1x1,2.0,2.4692499999999997,2.4266666666666663,2.512,1.234625,1.248,1.248,1.408,0
Elementwise and metadata,triton_poi_fused_0,192x1x1,32x1x1,1.5,2.4692083333333334,0.0,4.943666666666666,1.6461388888888888,1.664,1.855,1.888,2
Elementwise and metadata,triton_red_fused_add_fused_add_rms_norm_rms_norm_2,4x1x1,512x1x1,0.75,2.468,0.0,9.872,3.2906666666666666,3.328,3.392,3.488,1
Elementwise and metadata,triton_red_fused_rms_norm_1,1x1x1,128x1x1,0.25,2.4572083333333334,0.0,9.828833333333334,9.828833333333334,9.856,10.143,10.143,0
Elementwise and metadata,triton_red_fused_eq_rms_norm_scalar_tensor_unsqueeze_where_2,2x1x1,512x1x1,0.75,2.3572083333333333,0.0,9.428833333333333,3.1429444444444443,3.104,3.455,3.456,0
Elementwise and metadata,triton_per_fused_mm_t_3,5x1x1,256x1x1,1.0,2.311958333333333,0.0,4.709333333333333,2.311958333333333,2.304,2.4,2.464,0
Elementwise and metadata,triton_poi_fused_machete_mm_mul_silu_slice_1,24x1x1,128x1x1,1.5,2.1252916666666666,0.0,4.346666666666667,1.4168611111111111,1.408,1.504,1.536,1
Elementwise and metadata,triton_poi_fused_add_copy_index_select_mul_slice_split_stack_sub_unsqueeze_view_7,8x1x1,256x1x1,0.75,2.121208333333333,0.0,8.484833333333333,2.8282777777777777,2.816,2.88,2.88,1
Elementwise and metadata,triton_red_fused_1,2x1x1,512x1x1,0.75,2.0959583333333334,0.0,8.383833333333333,2.794611111111111,2.752,3.072,3.072,0
Elementwise and metadata,triton_tem_fused_mm_t_6,64x1x1,128x1x1,0.25,1.9532916666666666,0.0,7.813166666666667,7.813166666666667,7.807,8.128,8.128,0
Elementwise and metadata,triton_red_fused_fused_add_rms_norm_moe_forward_shared_0,4x1x1,1024x1x1,0.75,1.9532916666666666,0.0,7.813166666666667,2.604388888888889,2.624,2.784,2.816,2
Elementwise and metadata,triton_red_fused_rms_norm_3,4x1x1,256x1x1,0.75,1.9413333333333334,0.0,7.765333333333333,2.5884444444444443,2.688,2.816,2.848,0
Elementwise and metadata,triton_red_fused_eq_rms_norm_scalar_tensor_unsqueeze_where_2,4x1x1,512x1x1,0.75,1.9306666666666665,0.0,7.722666666666666,2.574222222222222,2.656,2.72,2.784,1
Elementwise and metadata,triton_red_fused_rms_norm_3,4x1x1,512x1x1,0.75,1.8759583333333334,0.0,7.503833333333334,2.5012777777777777,2.528,2.688,2.72,1
Elementwise and metadata,triton_poi_fused_add_copy_index_select_mul_slice_split_stack_sub_unsqueeze_view_8,512x1x1,128x1x1,1.25,1.8759583333333332,0.0,7.503833333333333,1.5007666666666666,1.504,1.632,1.664,24
Elementwise and metadata,triton_red_fused_5,2x1x1,128x1x1,0.5,1.859875,0.0,3.877166666666666,3.71975,3.808,3.872,4.063,0
Elementwise and metadata,triton_per_fused_mm_t_3,160x1x1,64x1x1,1.25,1.6853333333333333,0.0,4.053333333333334,1.3482666666666667,1.344,1.408,1.472,4
Elementwise and metadata,triton_per_fused_mm_t_2,5x1x1,256x1x1,0.75,1.6800000000000002,0.0,2.266666666666667,2.24,2.24,2.272,2.368,0
Elementwise and metadata,at::native::vectorized_gather_kernel,3x76x1,256x1x1,1.0,1.6346666666666667,1.3706666666666667,1.8613333333333333,1.6346666666666667,1.632,1.92,2.016,22
Elementwise and metadata,triton_red_fused_6,4x1x1,256x1x1,0.5,1.5426250000000001,0.0,6.1705000000000005,3.08525,3.04,3.264,3.296,0
Elementwise and metadata,rejection_greedy_sample_kernel,1x1x1,128x1x1,1.0,1.5413333333333332,1.4879999999999998,1.5946666666666667,1.5413333333333332,1.536,1.664,1.856,0
Elementwise and metadata,triton_poi_fused_add_bitwise_and_clamp_copy__ge_gt_index_where_0,1x1x1,32x1x1,1.0,1.5306666666666666,1.4400000000000002,1.5679999999999998,1.5306666666666666,1.536,1.664,1.696,0
Elementwise and metadata,at_cuda_detail::cub::detail::scan::DeviceScanInitKernel,1x1x1,128x1x1,2.0,1.498625,1.4238333333333333,1.5466666666666666,0.7493125,0.736,0.832,0.896,0
Elementwise and metadata,at::native::vectorized_gather_kernel,4x3x1,256x1x1,1.0,1.4866666666666668,1.4666666666666668,1.4986666666666668,1.4866666666666666,1.472,1.6,1.664,1
Elementwise and metadata,triton_poi_fused_add_copy_index_select_mul_slice_split_stack_sub_unsqueeze_view_8,32x1x1,128x1x1,0.75,1.4719583333333333,0.0,5.887833333333333,1.962611111111111,1.952,1.984,2.016,2
Elementwise and metadata,triton_red_fused_rms_norm_4,4x1x1,1024x1x1,0.75,1.4546666666666666,0.0,5.818666666666666,1.9395555555555555,1.92,2.08,2.08,2
Elementwise and metadata,at::native::vectorized_elementwise_kernel,2x1x1,128x1x1,2.0,1.4333333333333333,1.4240000000000002,1.4453333333333334,0.7166666666666667,0.704,0.736,0.736,0
Elementwise and metadata,eagle_prepare_next_token_padded_kernel,1x1x1,128x1x1,1.0,1.4026666666666667,1.3333333333333333,1.4666666666666668,1.4026666666666667,1.408,1.504,1.536,0
Elementwise and metadata,triton_poi_fused_add_copy_index_select_mul_slice_split_stack_sub_unsqueeze_view_8,32x1x1,256x1x1,0.75,1.3812499999999999,0.0,5.5249999999999995,1.8416666666666668,1.855,1.888,1.888,3
Elementwise and metadata,at::native::,1x3x1,128x1x1,1.0,1.370625,1.3171666666666666,1.4613333333333334,1.370625,1.376,1.504,1.6,0
Elementwise and metadata,triton_poi_fused_add_copy_index_select_mul_slice_split_stack_sub_unsqueeze_view_7,128x1x1,128x1x1,1.0,1.370625,0.0,2.8000000000000003,1.370625,1.344,1.536,1.696,6
Elementwise and metadata,triton_poi_fused_0,384x1x1,128x1x1,0.75,1.2972916666666665,0.0,5.189166666666666,1.7297222222222222,1.728,1.888,1.92,18
Elementwise and metadata,triton_poi_fused_0,96x1x1,256x1x1,0.75,1.2279166666666665,0.0,4.911666666666666,1.6372222222222221,1.632,1.728,1.792,9
Elementwise and metadata,triton_poi_fused_machete_mm_mul_silu_slice_1,192x1x1,32x1x1,0.75,1.1346666666666667,0.0,4.538666666666667,1.512888888888889,1.504,1.6,1.632,2
Elementwise and metadata,triton_red_fused_rms_norm_1,4x1x1,512x1x1,0.5,1.1226666666666667,0.0,2.256,2.2453333333333334,2.272,2.336,2.368,1
Elementwise and metadata,triton_per_fused__to_copy_native_layer_norm_slice_5,2x1x1,128x1x1,0.75,1.1133333333333333,0.0,4.453333333333333,1.4844444444444445,1.504,1.568,1.568,0
Elementwise and metadata,triton_poi_fused_machete_mm_mul_silu_slice_1,192x1x1,128x1x1,0.75,1.1133333333333333,0.0,4.453333333333333,1.4844444444444445,1.472,1.536,1.536,9
Elementwise and metadata,triton_poi_fused_5,16x1x1,128x1x1,0.75,1.1079999999999999,0.0,4.4319999999999995,1.4773333333333334,1.504,1.568,1.6,1
Elementwise and metadata,triton_per_fused__to_copy_native_layer_norm_slice_5,2x1x1,64x1x1,0.75,1.1012916666666668,0.0,4.405166666666667,1.468388888888889,1.504,1.568,1.6,0
Elementwise and metadata,triton_poi_fused_6,8x1x1,128x1x1,0.75,1.0879583333333334,0.0,4.351833333333333,1.450611111111111,1.44,1.727,1.728,0
Elementwise and metadata,triton_per_fused_mm_t_3,640x1x1,256x1x1,0.5,1.08,0.0,4.32,2.16,2.144,2.208,2.24,61
Elementwise and metadata,triton_poi_fused_add_mul_1,192x1x1,64x1x1,0.75,1.0505416666666667,0.0,4.202166666666667,1.4007222222222222,1.376,1.568,1.568,5
Elementwise and metadata,triton_poi_fused_6,8x1x1,64x1x1,0.75,1.018625,0.0,4.0745,1.3581666666666667,1.344,1.472,1.504,0
Elementwise and metadata,eagle_prepare_inputs_padded_kernel,1x1x1,128x1x1,1.0,1.0093333333333334,0.976,1.0933333333333335,1.0093333333333334,0.992,1.12,1.184,0
Elementwise and metadata,triton_poi_fused_add_mul_1,48x1x1,128x1x1,0.75,0.9706250000000001,0.0,3.8825000000000003,1.2941666666666667,1.28,1.44,1.472,2
Elementwise and metadata,triton_per_fused_mm_t_3,160x1x1,32x1x1,0.75,0.9572499999999999,0.0,2.543833333333333,1.2763333333333333,1.28,1.312,1.44,2
Elementwise and metadata,triton_per_fused_mm_t_3,20x1x1,64x1x1,0.75,0.9413333333333332,0.0,2.4906666666666664,1.255111111111111,1.248,1.312,1.312,0
Elementwise and metadata,triton_per_fused_mm_t_3,80x1x1,32x1x1,0.75,0.9346666666666666,0.0,3.7386666666666666,1.2462222222222221,1.248,1.344,1.376,1
Elementwise and metadata,triton_red_fused_6,4x1x1,512x1x1,0.5,0.9213333333333334,0.0,3.685333333333334,1.8426666666666667,1.856,1.888,2.016,1
Elementwise and metadata,triton_red_fused_fused_add_rms_norm_marlin_gemm_2,2x1x1,512x1x1,0.25,0.8973333333333334,0.0,3.5893333333333337,3.5893333333333333,3.616,3.648,3.648,0
Elementwise and metadata,triton_per_fused_mm_t_3,5x1x1,32x1x1,0.5,0.8852916666666667,0.0,3.541166666666667,1.7705833333333334,1.759,1.888,1.984,0
Elementwise and metadata,triton_red_fused_5,8x1x1,256x1x1,0.5,0.8813333333333333,0.0,1.936,1.7626666666666666,1.888,1.952,2.016,1
Elementwise and metadata,triton_poi_fused_add_bitwise_and_bitwise_not_bitwise_or_embedding_ge_lt_masked_fill_mul_sub_unsqueeze_0,768x1x1,256x1x1,0.5,0.8733333333333333,0.0,1.8186666666666664,1.7466666666666666,1.792,1.888,1.92,73
Elementwise and metadata,triton_red_fused_rms_norm_1,2x1x1,256x1x1,0.25,0.8532916666666667,0.0,3.4131666666666667,3.4131666666666667,3.455,3.52,3.52,0
Elementwise and metadata,triton_per_fused_mm_t_3,320x1x1,256x1x1,0.5,0.7773333333333333,0.0,3.1093333333333333,1.5546666666666666,1.536,1.6,1.632,30
MLA/DSA BF16 GEMMs,nvjet_sm90_tss_64x8_64x16_4x1_v_bz_TNT,4x16x1,384x1x1,0.25,0.7600000000000001,0.0,3.0400000000000005,3.04,3.072,3.072,3.072,0
Elementwise and metadata,triton_poi_fused_add_copy_index_select_mul_slice_split_stack_sub_unsqueeze_view_8,512x1x1,64x1x1,0.5,0.7546666666666666,0.0,3.0186666666666664,1.5093333333333332,1.536,1.664,1.728,12
Elementwise and metadata,triton_poi_fused_add_copy_index_select_mul_slice_split_stack_sub_unsqueeze_view_8,256x1x1,128x1x1,0.5,0.7532916666666667,0.0,3.0131666666666668,1.5065833333333334,1.6,1.632,1.664,12
Elementwise and metadata,triton_poi_fused_4,2x1x1,256x1x1,0.5,0.7519583333333333,0.0,1.5251666666666666,1.5039166666666666,1.472,1.536,1.824,0
Elementwise and metadata,triton_per_fused_mm_t_3,320x1x1,128x1x1,0.5,0.74,0.0,1.5626666666666666,1.48,1.504,1.568,1.632,15
Elementwise and metadata,triton_per_fused_mm_t_3,640x1x1,512x1x1,0.25,0.7239999999999999,0.0,2.8959999999999995,2.896,2.912,2.912,2.912,100
Elementwise and metadata,triton_per_fused__to_copy_native_layer_norm_slice_4,1x1x1,64x1x1,0.5,0.718625,0.0,2.8745,1.43725,1.472,1.472,1.535,0
Elementwise and metadata,triton_per_fused_mm_t_3,320x1x1,64x1x1,0.5,0.7093333333333334,0.0,1.4346666666666668,1.4186666666666665,1.44,1.44,1.44,8
Elementwise and metadata,triton_poi_fused_add_copy_index_select_mul_slice_split_stack_sub_unsqueeze_view_8,128x1x1,128x1x1,0.5,0.6853333333333333,0.0,2.7413333333333334,1.3706666666666667,1.408,1.44,1.44,6
Elementwise and metadata,triton_per_fused_mm_t_3,160x1x1,128x1x1,0.5,0.6799583333333334,0.0,1.4026666666666667,1.3599166666666667,1.344,1.44,1.472,8
Elementwise and metadata,triton_per_fused_mm_t_3,80x1x1,128x1x1,0.5,0.654625,0.0,1.344,1.30925,1.312,1.344,1.408,4
Elementwise and metadata,triton_per_fused__to_copy_native_layer_norm_slice_3,4x1x1,32x1x1,0.5,0.6159999999999999,0.0,1.2533333333333332,1.232,1.216,1.28,1.376,0
Elementwise and metadata,triton_per_fused_mm_t_3,320x1x1,512x1x1,0.25,0.47733333333333333,0.0,1.9093333333333333,1.9093333333333333,1.92,1.984,1.984,61
Elementwise and metadata,triton_poi_fused_add_copy_index_select_mul_slice_split_stack_sub_unsqueeze_view_8,512x1x1,256x1x1,0.25,0.4706666666666666,0.0,1.8826666666666665,1.8826666666666667,1.856,2.016,2.016,48
Elementwise and metadata,triton_poi_fused_add_copy_index_select_mul_slice_split_stack_sub_unsqueeze_view_8,64x1x1,32x1x1,0.25,0.4252916666666666,0.0,1.7011666666666665,1.7011666666666665,1.696,1.76,1.76,1
Elementwise and metadata,triton_per_fused_mm_t_2,10x1x1,256x1x1,0.25,0.418625,0.0,1.6745,1.6744999999999999,1.664,1.696,1.696,1
Elementwise and metadata,triton_poi_fused_add_copy_index_select_mul_slice_split_stack_sub_unsqueeze_view_8,128x1x1,256x1x1,0.25,0.370625,0.0,1.4825,1.4825,1.471,1.632,1.632,12
Elementwise and metadata,triton_poi_fused_add_copy_index_select_mul_slice_split_stack_sub_unsqueeze_view_7,64x1x1,256x1x1,0.25,0.36000000000000004,0.0,1.4400000000000002,1.44,1.44,1.536,1.536,6
Elementwise and metadata,triton_poi_fused_add_bitwise_and_bitwise_not_bitwise_or_embedding_ge_lt_masked_fill_mul_sub_unsqueeze_0,96x1x1,512x1x1,0.25,0.35733333333333334,0.0,1.4293333333333333,1.4293333333333333,1.472,1.472,1.472,18
Elementwise and metadata,triton_poi_fused_4,4x1x1,128x1x1,0.25,0.35333333333333333,0.0,1.4133333333333333,1.4133333333333333,1.408,1.472,1.472,0
Elementwise and metadata,triton_poi_fused_add_bitwise_and_bitwise_not_bitwise_or_embedding_ge_lt_masked_fill_mul_sub_unsqueeze_0,48x1x1,128x1x1,0.25,0.35200000000000004,0.0,1.4080000000000001,1.408,1.376,1.632,1.632,2
Elementwise and metadata,triton_per_fused__to_copy_native_layer_norm_slice_3,4x1x1,128x1x1,0.25,0.3413333333333333,0.0,1.3653333333333333,1.3653333333333333,1.312,1.504,1.504,0
Elementwise and metadata,triton_poi_fused_add_copy_index_select_mul_slice_split_stack_sub_unsqueeze_view_8,512x1x1,32x1x1,0.25,0.33866666666666667,0.0,1.3546666666666667,1.3546666666666667,1.376,1.376,1.376,6
Elementwise and metadata,triton_per_fused_mm_t_3,160x1x1,256x1x1,0.25,0.3293333333333333,0.0,1.3173333333333332,1.3173333333333335,1.312,1.344,1.344,15
Elementwise and metadata,triton_per_fused_mm_t_3,80x1x1,64x1x1,0.25,0.328,0.0,1.312,1.312,1.344,1.376,1.376,2
Elementwise and metadata,triton_per_fused_mm_t_3,40x1x1,512x1x1,0.25,0.328,0.0,1.312,1.312,1.312,1.312,1.312,8
Elementwise and metadata,triton_per_fused__to_copy_native_layer_norm_slice_3,1x1x1,64x1x1,0.25,0.32666666666666666,0.0,1.3066666666666666,1.3066666666666666,1.312,1.344,1.344,0
Elementwise and metadata,triton_per_fused_mm_t_3,20x1x1,128x1x1,0.25,0.32,0.0,1.28,1.28,1.28,1.28,1.28,1
Elementwise and metadata,triton_poi_fused_add_copy_index_select_mul_slice_split_stack_sub_unsqueeze_view_8,128x1x1,32x1x1,0.25,0.32,0.0,1.28,1.28,1.28,1.312,1.312,2
Elementwise and metadata,triton_per_fused_mm_t_3,40x1x1,64x1x1,0.25,0.3173333333333333,0.0,1.2693333333333332,1.2693333333333334,1.28,1.312,1.312,1
Elementwise and metadata,triton_per_fused_mm_t_3,40x1x1,128x1x1,0.25,0.3172916666666667,0.0,1.2691666666666668,1.2691666666666666,1.279,1.312,1.312,2
Elementwise and metadata,triton_per_fused_mm_t_3,40x1x1,32x1x1,0.25,0.31466666666666665,0.0,1.2586666666666666,1.2586666666666666,1.248,1.344,1.344,0
Elementwise and metadata,triton_poi_fused_add_copy_index_select_mul_slice_split_stack_sub_unsqueeze_view_8,128x1x1,64x1x1,0.25,0.31066666666666665,0.0,1.2426666666666666,1.2426666666666666,1.248,1.28,1.28,3
Elementwise and metadata,triton_per_fused_mm_t_3,80x1x1,256x1x1,0.25,0.31066666666666665,0.0,1.2426666666666666,1.2426666666666666,1.248,1.248,1.248,8
Elementwise and metadata,triton_poi_fused_add_mul_1,96x1x1,128x1x1,0.25,0.28400000000000003,0.0,1.1360000000000001,1.1360000000000001,1.12,1.28,1.28,5
